record_id;month;day;year;plot;species_id;sex;wgt
1;7;16;1977;2;NA;M;
2;7;16;1977;3;NA;M;
3;7;16;1977;2;DM;F;
4;7;16;1977;7;DM;M;
5;7;16;1977;3;DM;M;
6;7;16;1977;1;PF;M;
7;7;16;1977;2;PE;F;
8;7;16;1977;1;DM;M;
9;7;16;1977;1;DM;F;
10;7;16;1977;6;PF;F;
11;7;16;1977;5;DS;F;
12;7;16;1977;7;DM;M;
13;7;16;1977;3;DM;M;
14;7;16;1977;8;DM;;
15;7;16;1977;6;DM;F;
16;7;16;1977;4;DM;F;
17;7;16;1977;3;DS;F;
18;7;16;1977;2;PP;M;
19;7;16;1977;4;PF;;
20;7;17;1977;11;DS;F;
21;7;17;1977;14;DM;F;
22;7;17;1977;15;NA;F;
23;7;17;1977;13;DM;M;
24;7;17;1977;13;SH;M;
25;7;17;1977;9;DM;M;
26;7;17;1977;15;DM;M;
27;7;17;1977;15;DM;M;
28;7;17;1977;11;DM;M;
29;7;17;1977;11;PP;M;
30;7;17;1977;10;DS;F;
31;7;17;1977;15;DM;F;
32;7;17;1977;10;DM;F;
33;7;17;1977;11;DM;F;
34;7;17;1977;17;DM;;
35;7;17;1977;13;DM;F;
36;7;17;1977;16;OT;F;
37;7;17;1977;11;DM;F;
38;7;17;1977;17;NA;M;
39;7;17;1977;11;DM;F;
40;7;18;1977;20;DM;M;
41;7;18;1977;23;DM;F;
42;7;18;1977;18;DS;F;
43;7;18;1977;21;DM;M;
44;7;18;1977;18;DM;F;
45;7;18;1977;22;DM;M;
46;7;18;1977;19;DM;M;
47;7;18;1977;18;DM;M;
48;7;18;1977;20;DM;F;
49;7;18;1977;12;PP;F;
50;7;18;1977;18;DM;F;
51;7;18;1977;21;DM;F;
52;7;18;1977;12;DM;F;
53;7;18;1977;22;DM;M;
54;7;18;1977;18;DM;M;
55;7;18;1977;23;DM;M;
56;7;18;1977;20;DM;M;
57;7;18;1977;22;DM;;
58;7;18;1977;12;DS;M;
59;7;18;1977;19;DM;M;
60;7;18;1977;19;PE;M;
61;7;18;1977;23;DM;M;
62;7;18;1977;19;DM;M;
63;8;19;1977;3;DM;M;40
64;8;19;1977;7;DM;M;48
65;8;19;1977;4;DM;F;29
66;8;19;1977;4;DM;F;46
67;8;19;1977;7;DM;M;36
68;8;19;1977;8;DO;F;52
69;8;19;1977;2;PF;M;8
70;8;19;1977;3;OX;F;22
71;8;19;1977;7;DM;F;35
72;8;19;1977;2;NA;M;
73;8;19;1977;3;DS;F;
74;8;19;1977;8;PF;M;7
75;8;19;1977;8;DM;F;22
76;8;19;1977;9;DS;F;
77;8;19;1977;4;SS;;
78;8;19;1977;1;PF;M;9
79;8;19;1977;7;DM;F;42
80;8;19;1977;1;DS;M;
81;8;19;1977;4;PF;F;8
82;8;19;1977;4;DM;F;41
83;8;20;1977;6;DM;F;37
84;8;20;1977;19;DM;F;43
85;8;20;1977;23;DM;F;41
86;8;20;1977;18;DM;F;40
87;8;20;1977;5;PF;F;9
88;8;20;1977;18;DM;F;45
89;8;20;1977;12;PP;F;15
90;8;20;1977;18;DM;M;29
91;8;20;1977;11;DS;F;
92;8;20;1977;6;DM;M;39
93;8;20;1977;18;DM;;42
94;8;20;1977;18;DM;F;43
95;8;20;1977;23;DM;M;46
96;8;20;1977;12;DM;M;41
97;8;20;1977;18;DM;M;41
98;8;20;1977;5;DM;M;40
99;8;20;1977;11;DM;M;45
100;8;20;1977;5;DS;F;
101;8;20;1977;5;DM;F;46
102;8;20;1977;23;DM;F;40
103;8;20;1977;18;DM;F;30
104;8;20;1977;11;DS;M;
105;8;20;1977;19;DM;M;39
106;8;20;1977;12;NA;;
107;8;20;1977;18;NA;;
108;8;20;1977;11;PP;M;
109;8;20;1977;6;DM;M;34
110;8;20;1977;10;DS;;
111;8;20;1977;11;DM;F;42
112;8;20;1977;23;DM;M;42
113;8;20;1977;5;PF;F;8
114;8;21;1977;15;DM;F;
115;8;21;1977;21;DM;M;
116;8;21;1977;13;DM;F;31
117;8;21;1977;21;OX;F;
118;8;21;1977;17;DM;M;
119;8;21;1977;20;DM;M;
120;8;21;1977;20;DM;M;
121;8;21;1977;15;NA;;
122;8;21;1977;22;DM;F;
123;8;21;1977;17;DM;M;
124;8;21;1977;14;DM;M;
125;8;21;1977;22;DM;M;
126;8;21;1977;20;DM;F;
127;8;21;1977;14;DM;M;
128;8;21;1977;15;DM;M;
129;8;21;1977;14;DM;F;
130;8;21;1977;16;DM;F;
131;8;21;1977;22;DM;M;
132;8;21;1977;22;DM;F;
133;8;21;1977;15;DM;M;
134;8;21;1977;17;DS;F;
135;8;21;1977;15;DM;F;
136;8;21;1977;13;PF;F;
137;8;21;1977;20;DM;F;
138;8;21;1977;22;DM;M;
139;8;21;1977;14;PF;M;
140;8;21;1977;20;DM;M;
141;8;21;1977;16;DM;M;
142;8;21;1977;17;DM;F;
143;8;21;1977;15;DM;M;
144;8;21;1977;15;DS;M;
145;8;21;1977;13;DM;F;
146;8;21;1977;13;DM;F;40
147;8;21;1977;13;DM;M;
148;8;21;1977;14;DM;M;
149;8;21;1977;20;DS;M;
150;8;21;1977;21;DM;M;
151;8;21;1977;13;DM;M;
152;8;21;1977;14;DM;M;
153;8;21;1977;16;DS;F;
154;8;21;1977;20;DS;F;
155;8;21;1977;20;DS;;
156;8;21;1977;21;DM;M;
157;9;11;1977;20;DM;M;37
158;9;11;1977;22;DM;M;48
159;9;11;1977;5;DS;M;
160;9;11;1977;21;DM;M;
161;9;11;1977;5;DM;M;42
162;9;11;1977;6;DM;F;45
163;9;11;1977;12;PP;F;16
164;9;11;1977;22;DM;F;36
165;9;11;1977;19;DS;F;
166;9;11;1977;21;OX;M;
167;9;11;1977;6;DM;M;42
168;9;11;1977;12;DM;M;44
169;9;11;1977;5;DM;M;
170;9;11;1977;20;DM;F;41
171;9;11;1977;12;NA;;
172;9;11;1977;22;PF;F;8
173;9;11;1977;12;DM;F;40
174;9;11;1977;12;DM;M;34
175;9;11;1977;19;DM;M;40
176;9;11;1977;12;DS;M;
177;9;11;1977;5;OX;F;20
178;9;11;1977;18;DM;M;44
179;9;11;1977;12;DM;M;44
180;9;11;1977;6;DM;M;36
181;9;11;1977;20;DM;M;33
182;9;11;1977;21;DS;M;
183;9;11;1977;5;DM;F;46
184;9;11;1977;20;DS;M;
185;9;11;1977;12;OX;F;
186;9;11;1977;19;DM;F;35
187;9;12;1977;17;DM;M;46
188;9;12;1977;14;DS;F;
189;9;12;1977;17;DM;F;37
190;9;12;1977;7;DM;M;34
191;9;12;1977;17;DS;M;
192;9;12;1977;4;DM;F;45
193;9;12;1977;7;PE;;
194;9;12;1977;11;NA;;
195;9;12;1977;4;DS;M;
196;9;12;1977;7;PF;F;7
197;9;12;1977;14;DM;M;51
198;9;12;1977;4;DM;M;39
199;9;12;1977;11;DM;M;29
200;9;12;1977;17;DS;F;
201;9;12;1977;10;DS;M;
202;9;12;1977;17;DM;F;48
203;9;12;1977;11;DM;M;46
204;9;12;1977;16;DM;F;41
205;9;12;1977;16;DS;M;
206;9;12;1977;23;DS;F;
207;9;12;1977;16;DS;F;
208;9;12;1977;14;DM;M;45
209;9;12;1977;17;DM;F;42
210;9;12;1977;11;DM;F;53
211;9;12;1977;4;DS;F;
212;9;12;1977;16;PF;;
213;9;12;1977;14;DM;F;49
214;9;12;1977;17;NA;;
215;9;12;1977;14;DM;F;46
216;9;12;1977;4;PF;F;9
217;9;13;1977;3;PP;F;15
218;9;13;1977;1;PF;M;4
219;9;13;1977;13;DM;M;48
220;9;13;1977;2;DS;M;
221;9;13;1977;3;DM;;
222;9;13;1977;1;DS;M;
223;9;13;1977;8;DS;F;
224;9;13;1977;2;NA;;
225;9;13;1977;15;DM;;
226;9;13;1977;2;DM;M;51
227;9;13;1977;15;DM;;
228;9;13;1977;9;DM;M;50
229;9;13;1977;13;DM;M;44
230;9;13;1977;15;DM;;
231;9;13;1977;15;DS;;
232;9;13;1977;9;DS;M;
233;9;13;1977;2;DM;M;44
234;9;13;1977;9;DM;M;45
235;9;13;1977;13;DM;F;45
236;9;13;1977;9;DS;F;
237;9;13;1977;9;DS;F;
238;9;13;1977;2;PE;M;19
239;9;13;1977;1;DS;M;
240;9;13;1977;9;DS;F;
241;9;13;1977;3;DS;;
242;9;13;1977;2;OX;M;22
243;10;16;1977;6;DM;F;44
244;10;16;1977;22;DM;F;42
245;10;16;1977;2;DM;M;39
246;10;16;1977;13;DM;M;47
247;10;16;1977;2;DS;M;
248;10;16;1977;22;OT;M;21
249;10;16;1977;13;DM;M;42
250;10;16;1977;18;DS;F;
251;10;16;1977;2;DM;M;49
252;10;16;1977;6;DS;F;
253;10;16;1977;20;DM;M;39
254;10;16;1977;20;DM;F;43
255;10;16;1977;18;DM;M;50
256;10;16;1977;6;DM;M;41
257;10;16;1977;2;DM;M;47
258;10;16;1977;18;DM;F;37
259;10;16;1977;2;DM;M;41
260;10;16;1977;22;DM;F;36
261;10;16;1977;6;DM;M;45
262;10;16;1977;20;PE;M;20
263;10;16;1977;1;DM;M;40
264;10;16;1977;9;DS;F;
265;10;16;1977;9;DM;M;49
266;10;16;1977;2;NA;;
267;10;16;1977;22;DS;F;
268;10;16;1977;2;DM;F;55
269;10;16;1977;6;DM;M;46
270;10;16;1977;1;DM;F;38
271;10;16;1977;9;DS;F;
272;10;16;1977;18;NA;;
273;10;16;1977;9;DM;M;44
274;10;16;1977;2;OL;F;21
275;10;16;1977;20;DM;M;41
276;10;16;1977;1;DS;F;
277;10;16;1977;6;OL;;21
278;10;16;1977;9;DS;M;
279;10;16;1977;2;PE;F;
280;10;16;1977;18;DM;M;46
281;10;16;1977;20;NA;;
282;10;16;1977;22;NA;;
283;10;16;1977;6;DM;M;36
284;10;16;1977;13;DM;M;44
285;10;16;1977;1;DM;M;53
286;10;16;1977;20;DS;M;
287;10;17;1977;17;DM;M;41
288;10;17;1977;17;DM;M;48
289;10;17;1977;14;DM;M;47
290;10;17;1977;17;DM;F;
291;10;17;1977;11;DS;F;
292;10;17;1977;3;DO;F;33
293;10;17;1977;4;DM;F;42
294;10;17;1977;3;DO;F;50
295;10;17;1977;11;DM;M;41
296;10;17;1977;17;OT;;21
297;10;17;1977;11;NA;;
298;10;17;1977;19;DM;M;49
299;10;17;1977;17;OT;M;
300;10;17;1977;14;DS;F;
301;10;17;1977;17;DS;F;
302;10;17;1977;19;DM;F;44
303;10;17;1977;3;DM;M;31
304;10;17;1977;21;DM;M;40
305;10;17;1977;14;DM;F;40
306;10;17;1977;16;DM;M;23
307;10;17;1977;19;DM;M;42
308;10;17;1977;4;DS;F;
309;10;17;1977;17;DS;M;
310;10;17;1977;11;DS;;
311;10;17;1977;19;RM;M;13
312;10;17;1977;11;DM;F;42
313;10;17;1977;19;DM;M;31
314;10;17;1977;14;NA;;
315;10;17;1977;3;DM;M;39
316;10;17;1977;15;DM;M;48
317;10;17;1977;17;DO;F;48
318;10;17;1977;17;DM;M;29
319;10;17;1977;14;DM;M;45
320;10;17;1977;17;DM;F;39
321;10;17;1977;17;OL;F;23
322;10;17;1977;4;DS;F;
323;10;17;1977;17;DO;F;31
324;10;17;1977;7;;;
325;10;17;1977;10;;;
326;10;17;1977;23;;;
327;10;18;1977;8;DS;F;
328;10;18;1977;16;DM;F;43
329;10;18;1977;5;DS;F;
330;10;18;1977;5;DM;M;43
331;10;18;1977;12;DS;F;
332;10;18;1977;12;PF;M;8
333;10;18;1977;19;OX;;
334;10;18;1977;5;DM;F;45
335;10;18;1977;5;DS;M;
336;10;18;1977;12;DM;M;40
337;10;18;1977;8;DO;F;41
338;10;18;1977;12;DM;M;41
339;10;18;1977;8;DS;F;
340;10;18;1977;12;DM;F;39
341;10;18;1977;5;DS;M;
342;10;18;1977;16;DM;M;25
343;10;18;1977;21;PF;;
344;10;18;1977;3;NA;;
345;11;12;1977;22;DM;F;45
346;11;12;1977;2;DM;F;36
347;11;12;1977;6;DM;F;40
348;11;12;1977;13;DM;M;44
349;11;12;1977;2;NA;;
350;11;12;1977;2;DM;M;47
351;11;12;1977;22;OL;;
352;11;12;1977;1;DM;M;40
353;11;12;1977;18;NA;;
354;11;12;1977;2;DM;M;44
355;11;12;1977;2;OT;;
356;11;12;1977;1;DO;F;44
357;11;12;1977;9;DS;F;117
358;11;12;1977;13;PF;F;7
359;11;12;1977;18;DM;M;40
360;11;12;1977;20;DM;F;39
361;11;12;1977;2;DM;F;40
362;11;12;1977;1;DS;F;121
363;11;12;1977;2;NA;;
364;11;12;1977;9;DM;M;46
365;11;12;1977;1;DM;F;35
366;11;12;1977;2;OL;;
367;11;12;1977;20;DS;M;115
368;11;12;1977;9;PF;F;7
369;11;12;1977;20;DM;F;39
370;11;12;1977;9;DM;M;40
371;11;12;1977;13;DM;M;40
372;11;12;1977;22;DM;F;35
373;11;12;1977;6;DM;M;36
374;11;12;1977;18;DM;M;44
375;11;12;1977;9;PF;F;6
376;11;12;1977;1;PF;F;7
377;11;12;1977;9;DS;F;120
378;11;12;1977;1;DO;M;48
379;11;13;1977;14;DM;M;44
380;11;13;1977;17;DM;F;38
381;11;13;1977;17;DS;F;118
382;11;13;1977;17;DM;M;40
383;11;13;1977;11;DS;F;126
384;11;13;1977;11;DM;M;37
385;11;13;1977;17;DS;M;132
386;11;13;1977;21;OL;;
387;11;13;1977;21;OL;;
388;11;13;1977;11;DM;F;39
389;11;13;1977;14;DS;F;113
390;11;13;1977;11;NA;;
391;11;13;1977;11;PF;M;7
392;11;13;1977;11;DS;F;122
393;11;13;1977;14;NA;;
394;11;13;1977;4;DS;F;107
395;11;13;1977;14;DM;M;43
396;11;13;1977;14;DM;F;40
397;11;13;1977;17;RM;F;7
398;11;13;1977;4;DS;F;115
399;11;13;1977;17;DM;F;39
400;11;13;1977;21;OL;;
401;11;13;1977;3;;;
402;11;13;1977;15;;;
403;11;13;1977;19;;;
404;11;14;1977;12;DM;M;40
405;11;14;1977;12;DS;;
406;11;14;1977;12;NA;;
407;11;14;1977;5;DS;F;116
408;11;14;1977;8;PF;F;6
409;11;14;1977;12;DM;F;38
410;11;14;1977;5;DS;M;137
411;11;14;1977;5;DM;M;42
412;11;14;1977;5;DS;M;126
413;11;14;1977;8;DS;F;112
414;11;14;1977;8;DO;F;39
415;11;14;1977;5;DM;F;41
416;11;14;1977;7;;;
417;11;14;1977;10;;;
418;11;14;1977;16;;;
419;11;14;1977;23;;;
420;12;10;1977;13;DM;F;48
421;12;10;1977;9;DS;F;121
422;12;10;1977;2;DM;F;42
423;12;10;1977;13;DM;M;42
424;12;10;1977;2;DM;M;52
425;12;10;1977;20;DM;F;38
426;12;10;1977;22;DM;M;45
427;12;10;1977;2;DM;F;37
428;12;10;1977;9;DO;F;40
429;12;10;1977;1;DM;M;38
430;12;10;1977;9;PF;F;7
431;12;10;1977;2;OT;;
432;12;10;1977;2;PF;;
433;12;10;1977;9;DM;M;44
434;12;10;1977;13;PF;F;7
435;12;10;1977;2;NA;;
436;12;10;1977;18;DM;F;33
437;12;10;1977;18;DM;F;38
438;12;10;1977;2;DM;M;47
439;12;10;1977;20;DM;F;39
440;12;10;1977;1;PF;F;7
441;12;10;1977;2;OL;;
442;12;10;1977;9;OT;;
443;12;10;1977;13;DM;M;42
444;12;10;1977;6;DM;M;36
445;12;10;1977;9;OL;;
446;12;10;1977;2;OT;;
447;12;10;1977;18;DM;M;44
448;12;10;1977;20;DS;M;116
449;12;10;1977;2;DM;M;43
450;12;10;1977;1;DO;M;45
451;12;10;1977;9;DS;F;116
452;12;10;1977;2;OT;;
453;12;10;1977;9;DM;M;42
454;12;10;1977;1;DM;F;38
455;12;10;1977;7;;;
456;12;10;1977;10;;;
457;12;10;1977;16;;;
458;12;10;1977;19;;;
459;12;10;1977;23;;;
460;12;11;1977;12;DS;F;114
461;12;11;1977;14;DM;M;41
462;12;11;1977;17;DM;M;40
463;12;11;1977;4;DS;M;134
464;12;11;1977;5;DS;M;139
465;12;11;1977;5;NA;;
466;12;11;1977;4;DS;F;118
467;12;11;1977;8;DO;F;41
468;12;11;1977;11;DM;M;37
469;12;11;1977;12;NA;;
470;12;11;1977;4;PF;M;6
471;12;11;1977;5;OT;;
472;12;11;1977;11;DS;F;127
473;12;11;1977;21;OT;;
474;12;11;1977;8;PF;F;6
475;12;11;1977;11;NA;;
476;12;11;1977;8;DS;F;120
477;12;11;1977;17;DS;F;115
478;12;11;1977;3;OT;;
479;12;11;1977;14;DM;F;40
480;12;11;1977;14;DS;F;114
481;12;11;1977;17;DM;F;37
482;12;11;1977;17;DM;M;46
483;12;11;1977;8;DS;M;149
484;12;11;1977;11;DM;F;38
485;12;11;1977;11;DS;M;127
486;12;11;1977;14;NA;;
487;12;11;1977;12;DM;F;36
488;12;11;1977;12;DM;M;41
489;12;11;1977;11;OT;;
490;12;11;1977;14;DM;M;44
491;12;11;1977;11;DS;M;138
492;12;11;1977;12;DS;M;110
493;12;11;1977;4;DS;F;110
494;12;11;1977;4;OT;;
495;12;11;1977;17;NA;;
496;12;11;1977;17;DM;F;37
497;12;11;1977;5;OT;;
498;12;11;1977;3;PF;M;7
499;12;11;1977;11;DS;F;121
500;12;11;1977;21;OT;;
501;12;11;1977;21;OT;;
502;12;11;1977;5;DM;F;43
503;12;11;1977;15;;;
504;1;8;1978;3;OL;;
505;1;8;1978;13;DM;M;43
506;1;8;1978;2;NA;;
507;1;8;1978;2;DM;M;44
508;1;8;1978;20;DM;F;36
509;1;8;1978;3;NA;;
510;1;8;1978;13;PF;F;8
511;1;8;1978;2;DM;M;38
512;1;8;1978;9;DS;F;122
513;1;8;1978;2;OL;;
514;1;8;1978;9;PF;M;7
515;1;8;1978;9;DO;F;42
516;1;8;1978;9;DM;M;46
517;1;8;1978;2;PE;M;22
518;1;8;1978;2;DM;M;38
519;1;8;1978;2;DM;M;48
520;1;8;1978;3;PF;M;7
521;1;8;1978;2;DM;M;43
522;1;8;1978;2;DM;F;35
523;1;8;1978;2;DM;M;43
524;1;8;1978;20;DM;;
525;1;8;1978;6;DM;M;36
526;1;8;1978;9;DS;F;117
527;1;8;1978;2;DM;F;37
528;1;8;1978;20;DS;M;122
529;1;8;1978;9;DM;M;43
530;1;8;1978;13;DM;M;42
531;1;8;1978;20;NA;;
532;1;8;1978;2;PF;F;7
533;1;8;1978;2;DM;M;45
534;1;8;1978;2;OT;;
535;1;8;1978;7;;;
536;1;8;1978;22;;;
537;1;9;1978;14;OT;;
538;1;9;1978;17;DM;M;40
539;1;9;1978;17;DM;F;37
540;1;9;1978;17;DS;F;117
541;1;9;1978;11;DM;M;40
542;1;9;1978;1;DM;M;40
543;1;9;1978;4;DS;M;132
544;1;9;1978;14;OL;;
545;1;9;1978;1;DM;F;36
546;1;9;1978;11;NA;;
547;1;9;1978;8;OT;;
548;1;9;1978;8;DS;M;150
549;1;9;1978;11;DM;M;44
550;1;9;1978;14;DM;F;40
551;1;9;1978;4;DS;F;126
552;1;9;1978;11;DS;F;122
553;1;9;1978;8;DS;F;136
554;1;9;1978;14;NA;;
555;1;9;1978;14;DS;F;116
556;1;9;1978;17;DM;F;38
557;1;9;1978;11;DM;F;39
558;1;9;1978;1;DS;F;135
559;1;9;1978;14;DM;M;46
560;1;9;1978;17;DS;M;133
561;1;9;1978;11;DS;M;136
562;1;9;1978;19;;;
563;1;9;1978;23;;;
564;1;10;1978;18;DS;F;141
565;1;10;1978;12;NA;;
566;1;10;1978;18;DM;F;38
567;1;10;1978;12;DM;F;35
568;1;10;1978;21;OT;;
569;1;10;1978;5;DS;M;135
570;1;10;1978;5;OT;;
571;1;10;1978;18;DM;F;33
572;1;10;1978;18;DM;M;51
573;1;10;1978;5;DS;F;122
574;1;10;1978;18;DM;F;33
575;1;10;1978;18;DM;M;47
576;1;10;1978;18;DM;M;49
577;1;10;1978;21;OT;;
578;1;10;1978;18;DM;M;46
579;1;10;1978;5;DM;F;45
580;1;10;1978;12;DM;M;41
581;1;10;1978;10;;;
582;1;10;1978;15;;;
583;1;10;1978;16;;;
584;2;18;1978;3;OT;M;24
585;2;18;1978;2;DS;M;157
586;2;18;1978;13;DM;M;51
587;2;18;1978;2;OX;;
588;2;18;1978;2;NA;M;218
589;2;18;1978;20;DM;F;38
590;2;18;1978;2;PF;F;7
591;2;18;1978;6;DM;F;
592;2;18;1978;22;DM;M;45
593;2;18;1978;2;DM;M;52
594;2;18;1978;9;DM;M;50
595;2;18;1978;2;DM;M;51
596;2;18;1978;9;DS;F;126
597;2;18;1978;20;DM;F;39
598;2;18;1978;2;OT;F;24
599;2;18;1978;3;OT;F;23
600;2;18;1978;2;DM;F;40
601;2;18;1978;2;DM;M;41
602;2;18;1978;13;DM;M;46
603;2;18;1978;2;OT;M;25
604;2;18;1978;2;PE;M;25
605;2;18;1978;19;;;
606;2;18;1978;23;;;
607;2;19;1978;5;DM;F;39
608;2;19;1978;17;DM;F;42
609;2;19;1978;4;DS;F;
610;2;19;1978;17;DM;M;39
611;2;19;1978;21;OT;F;23
612;2;19;1978;4;DS;;
613;2;19;1978;5;DS;M;
614;2;19;1978;4;DS;F;124
615;2;19;1978;5;DS;F;114
616;2;19;1978;11;DM;M;44
617;2;19;1978;11;DM;M;48
618;2;19;1978;14;DS;F;
619;2;19;1978;14;DM;F;44
620;2;19;1978;8;DS;F;132
621;2;19;1978;4;PF;;
622;2;19;1978;17;DS;F;137
623;2;19;1978;21;OT;;
624;2;19;1978;4;DM;M;39
625;2;19;1978;5;DM;F;56
626;2;19;1978;17;OL;F;35
627;2;19;1978;17;DM;;
628;2;19;1978;11;DM;;
629;2;19;1978;14;NA;;197
630;2;19;1978;5;OT;F;22
631;2;19;1978;5;OT;M;25
632;2;19;1978;7;;;
633;2;19;1978;8;DS;M;154
634;2;19;1978;10;;;
635;2;20;1978;15;DM;M;49
636;2;20;1978;18;DM;F;44
637;2;20;1978;18;DM;F;35
638;2;20;1978;12;DM;F;36
639;2;20;1978;1;DM;F;39
640;2;20;1978;12;DS;F;133
641;2;20;1978;15;DM;M;50
642;2;20;1978;1;DM;M;43
643;2;20;1978;15;DM;F;40
644;2;20;1978;18;DM;M;45
645;2;20;1978;12;DM;M;44
646;2;20;1978;18;NA;M;228
647;2;20;1978;1;DS;F;144
648;2;20;1978;16;DM;F;46
649;2;20;1978;16;DM;M;48
650;3;11;1978;2;PF;F;7
651;3;11;1978;20;DM;M;45
652;3;11;1978;2;PF;M;8
653;3;11;1978;22;DS;F;133
654;3;11;1978;22;DM;F;40
655;3;11;1978;3;NA;M;232
656;3;11;1978;9;DS;F;128
657;3;11;1978;2;DS;M;153
658;3;11;1978;3;OT;F;22
659;3;11;1978;20;OT;F;21
660;3;11;1978;2;DM;M;53
661;3;11;1978;2;NA;;
662;3;11;1978;13;PF;F;8
663;3;11;1978;2;OT;M;25
664;3;11;1978;2;DM;M;43
665;3;11;1978;20;DM;F;43
666;3;11;1978;13;OL;M;38
667;3;11;1978;20;DM;F;42
668;3;11;1978;3;OT;M;26
669;3;11;1978;9;DS;F;146
670;3;11;1978;2;OT;F;25
671;3;11;1978;2;PE;M;28
672;3;11;1978;3;PF;M;8
673;3;11;1978;2;PE;F;29
674;3;11;1978;20;DS;M;122
675;3;11;1978;6;;;
676;3;11;1978;23;;;
677;3;12;1978;5;DS;M;137
678;3;12;1978;4;DS;M;131
679;3;12;1978;5;DS;F;125
680;3;12;1978;17;DM;M;
681;3;12;1978;14;DS;F;
682;3;12;1978;21;OT;;
683;3;12;1978;21;PF;F;
684;3;12;1978;4;DM;M;43
685;3;12;1978;17;DS;F;
686;3;12;1978;4;PF;;
687;3;12;1978;5;DS;F;69
688;3;12;1978;4;DS;F;141
689;3;12;1978;11;DS;M;138
690;3;12;1978;11;DM;M;43
691;3;12;1978;4;DS;F;124
692;3;12;1978;14;DM;;
693;3;12;1978;21;OT;M;
694;3;12;1978;11;DM;F;43
695;3;12;1978;17;RM;;
696;3;12;1978;5;DM;F;45
697;3;12;1978;11;DM;M;46
698;3;12;1978;14;DM;F;
699;3;12;1978;5;DM;F;43
700;3;12;1978;5;DM;M;49
701;3;12;1978;17;OL;;
702;3;12;1978;5;DM;M;47
703;3;12;1978;17;DS;M;
704;3;12;1978;5;DM;M;
705;3;12;1978;11;DS;F;
706;3;12;1978;17;OT;F;
707;3;12;1978;17;DM;F;
708;3;12;1978;5;OT;M;26
709;3;12;1978;10;;;
710;3;13;1978;8;DS;M;152
711;3;13;1978;18;DM;F;44
712;3;13;1978;15;DM;M;48
713;3;13;1978;8;OT;M;29
714;3;13;1978;15;DM;F;44
715;3;13;1978;18;DM;M;49
716;3;13;1978;15;DM;M;45
717;3;13;1978;1;DM;F;51
718;3;13;1978;8;DO;M;57
719;3;13;1978;18;DM;M;
720;3;13;1978;8;DS;F;134
721;3;13;1978;1;DM;F;44
722;3;13;1978;16;OL;F;30
723;3;13;1978;8;OT;F;35
724;3;13;1978;15;DM;M;48
725;3;13;1978;1;DS;F;146
726;3;13;1978;18;DM;F;37
727;3;13;1978;7;;;
728;3;13;1978;12;;;
729;3;13;1978;15;DM;M;46
730;3;13;1978;19;;;
731;4;8;1978;2;DS;F;110
732;4;8;1978;2;OT;;
733;4;8;1978;2;DM;M;
734;4;8;1978;6;DM;M;
735;4;8;1978;6;OT;F;
736;4;8;1978;6;NA;M;
737;4;8;1978;9;DM;F;
738;4;8;1978;13;PF;M;
739;4;8;1978;13;PE;M;
740;4;8;1978;13;OL;M;
741;4;8;1978;13;DS;M;
742;4;8;1978;13;PE;M;
743;4;8;1978;20;DM;M;
744;4;8;1978;20;PE;F;
745;4;8;1978;22;DM;F;
746;4;8;1978;22;OT;M;
747;4;8;1978;9;DM;F;
748;4;8;1978;2;NA;;
749;4;8;1978;2;DS;M;
750;4;8;1978;9;PF;F;
751;4;8;1978;13;DM;M;
752;4;8;1978;9;DS;F;
753;4;8;1978;20;DM;F;
754;4;8;1978;2;DM;M;
755;4;8;1978;3;NA;F;
756;4;8;1978;21;OT;F;
757;4;8;1978;2;DM;F;
758;4;8;1978;9;DM;M;
759;4;8;1978;22;DS;F;
760;4;8;1978;9;DS;M;
761;4;8;1978;9;DS;F;
762;4;8;1978;13;SS;;
763;4;8;1978;20;DS;M;
764;4;8;1978;2;DM;M;
765;4;8;1978;9;DM;F;
766;4;8;1978;22;DM;F;
767;4;8;1978;13;DM;M;
768;4;8;1978;13;OL;;
769;4;8;1978;6;;;
770;4;9;1978;4;DM;M;26
771;4;9;1978;4;DM;M;44
772;4;9;1978;5;DM;;
773;4;9;1978;5;DM;M;48
774;4;9;1978;5;DM;M;39
775;4;9;1978;5;DM;M;44
776;4;9;1978;5;DM;M;45
777;4;9;1978;8;OT;M;27
778;4;9;1978;8;DM;M;36
779;4;9;1978;11;SA;;
780;4;9;1978;11;DM;M;51
781;4;9;1978;11;DM;F;45
782;4;9;1978;11;DM;M;47
783;4;9;1978;14;DS;F;90
784;4;9;1978;17;OT;M;23
785;4;9;1978;17;DM;M;49
786;4;9;1978;11;DS;M;131
787;4;9;1978;5;DS;F;114
788;4;9;1978;17;DM;M;42
789;4;9;1978;8;DS;M;148
790;4;9;1978;5;DS;F;76
791;4;9;1978;5;DS;M;141
792;4;9;1978;17;DM;F;42
793;4;9;1978;4;DS;F;121
794;4;9;1978;11;DM;M;44
795;4;9;1978;17;DO;F;55
796;4;9;1978;4;DS;M;133
797;4;9;1978;17;DS;M;142
798;4;9;1978;8;DS;F;142
799;4;9;1978;11;DM;F;46
800;4;9;1978;5;DM;F;50
801;4;9;1978;14;DS;F;142
802;4;9;1978;8;DM;;
803;4;9;1978;4;DS;F;84
804;4;9;1978;4;DM;M;42
805;4;9;1978;17;DS;F;142
806;4;9;1978;4;DS;F;118
807;4;9;1978;17;DM;F;43
808;4;9;1978;11;DS;F;132
809;4;9;1978;11;DS;F;75
810;4;9;1978;14;DM;F;49
811;4;9;1978;19;;;
812;4;9;1978;23;;;
813;4;10;1978;1;SA;;
814;4;10;1978;1;DS;M;168
815;4;10;1978;1;DM;F;43
816;4;10;1978;18;DS;F;84
817;4;10;1978;12;DM;F;
818;4;10;1978;1;DS;F;87
819;4;10;1978;12;DS;F;117
820;4;10;1978;18;DM;F;42
821;4;10;1978;16;DM;F;41
822;4;10;1978;1;DS;F;140
823;4;10;1978;18;DM;F;40
824;4;10;1978;12;DM;M;45
825;4;10;1978;18;NA;M;225
826;4;10;1978;16;OT;M;18
827;4;10;1978;15;DM;M;47
828;4;10;1978;18;DM;;48
829;4;10;1978;1;DS;M;89
830;4;10;1978;18;DM;M;51
831;4;10;1978;7;;;
832;4;10;1978;10;;;
833;5;6;1978;2;PF;M;8
834;5;6;1978;22;DM;M;47
835;5;6;1978;2;DS;M;149
836;5;6;1978;9;DS;F;124
837;5;6;1978;6;DS;F;73
838;5;6;1978;2;DM;M;48
839;5;6;1978;9;DS;M;139
840;5;6;1978;6;DM;M;41
841;5;6;1978;20;DS;M;123
842;5;6;1978;2;DM;F;41
843;5;6;1978;22;DS;F;114
844;5;6;1978;9;DS;F;59
845;5;6;1978;2;NA;M;204
846;5;6;1978;9;DS;F;90
847;5;6;1978;20;DM;M;45
848;5;6;1978;22;NA;M;212
849;5;6;1978;2;DM;M;43
850;5;6;1978;22;DS;F;91
851;5;6;1978;9;DS;M;50
852;5;6;1978;13;DM;M;44
853;5;6;1978;9;DS;F;113
854;5;6;1978;9;DM;M;36
855;5;6;1978;9;DS;F;90
856;5;6;1978;9;DM;F;50
857;5;6;1978;13;SS;;
858;5;6;1978;3;;;
859;5;6;1978;21;OT;F;9
860;5;17;1978;14;OL;M;
861;5;17;1978;21;OL;F;29
862;5;17;1978;5;DS;M;137
863;5;17;1978;5;DS;M;57
864;5;17;1978;12;DS;F;121
865;5;17;1978;20;DM;F;31
866;5;17;1978;12;DM;F;41
867;5;17;1978;6;DM;M;37
868;5;17;1978;6;DS;F;83
869;5;17;1978;20;NA;F;174
870;5;17;1978;22;DS;F;116
871;5;17;1978;6;DS;F;74
872;5;17;1978;20;DS;M;130
873;5;17;1978;22;DS;F;
874;5;17;1978;20;DM;M;40
875;5;17;1978;5;NA;F;212
876;5;17;1978;6;DM;M;41
877;5;17;1978;12;DS;F;83
878;5;17;1978;19;;;
879;5;17;1978;23;;;
880;5;18;1978;16;DM;M;48
881;5;18;1978;18;DM;F;41
882;5;18;1978;11;DS;M;118
883;5;18;1978;17;PM;F;22
884;5;18;1978;18;DS;M;102
885;5;18;1978;11;DM;M;42
886;5;18;1978;3;NA;F;182
887;5;18;1978;11;DM;F;29
888;5;18;1978;17;DM;M;23
889;5;18;1978;18;DS;F;138
890;5;18;1978;17;DS;M;131
891;5;18;1978;17;DM;M;41
892;5;18;1978;17;DS;F;115
893;5;18;1978;14;DS;F;121
894;5;18;1978;17;DM;F;38
895;5;18;1978;4;DS;M;126
896;5;18;1978;4;DS;F;120
897;5;18;1978;11;PP;M;15
898;5;18;1978;11;DM;F;29
899;5;18;1978;18;DM;F;43
900;5;18;1978;15;DM;M;41
901;5;18;1978;4;DS;F;68
902;5;18;1978;4;DS;M;83
903;5;18;1978;14;DM;M;
904;5;18;1978;11;DS;F;97
905;5;18;1978;17;DM;M;21
906;5;18;1978;11;DM;M;21
907;5;18;1978;14;DM;F;44
908;5;18;1978;17;DO;M;18
909;5;18;1978;4;DM;M;40
910;5;18;1978;17;DM;F;41
911;5;19;1978;9;DS;F;129
912;5;19;1978;2;DS;M;148
913;5;19;1978;1;DM;M;42
914;5;19;1978;2;DM;F;41
915;5;19;1978;13;OT;F;24
916;5;19;1978;8;DS;F;108
917;5;19;1978;1;DS;M;160
918;5;19;1978;2;OT;F;30
919;5;19;1978;8;DO;M;54
920;5;19;1978;8;PF;F;7
921;5;19;1978;8;DS;F;125
922;5;19;1978;1;DS;M;100
923;5;19;1978;1;DM;M;21
924;5;19;1978;2;DM;M;49
925;5;19;1978;9;DM;M;35
926;5;19;1978;1;DO;M;37
927;5;19;1978;9;DS;F;64
928;5;19;1978;1;DS;F;131
929;5;19;1978;1;DS;M;54
930;5;19;1978;2;DM;M;44
931;5;19;1978;9;DS;F;90
932;5;19;1978;1;DM;F;39
933;5;19;1978;2;PP;F;13
934;5;19;1978;2;DS;F;114
935;5;19;1978;7;;;
936;5;19;1978;10;;;
937;6;8;1978;12;DS;M;90
938;6;8;1978;20;DM;M;46
939;6;8;1978;8;DS;F;110
940;6;8;1978;11;DS;M;119
941;6;8;1978;17;DM;M;29
942;6;8;1978;20;DM;M;48
943;6;8;1978;8;SS;;
944;6;8;1978;9;DS;F;124
945;6;8;1978;12;DS;F;84
946;6;8;1978;11;DM;F;43
947;6;8;1978;17;DM;F;43
948;6;8;1978;9;DM;M;40
949;6;8;1978;22;DS;F;120
950;6;8;1978;8;DO;F;55
951;6;8;1978;17;OL;F;29
952;6;8;1978;20;DM;F;26
953;6;8;1978;12;DS;F;115
954;6;8;1978;22;DM;M;45
955;6;8;1978;9;DS;M;70
956;6;8;1978;17;DS;F;123
957;6;8;1978;12;DM;F;16
958;6;8;1978;20;DM;F;42
959;6;8;1978;8;DS;F;125
960;6;8;1978;12;DM;M;19
961;6;8;1978;8;DO;M;55
962;6;8;1978;22;DS;F;117
963;6;8;1978;17;DS;M;133
964;6;8;1978;9;DM;M;36
965;6;8;1978;9;DS;F;71
966;6;8;1978;17;DM;M;29
967;6;8;1978;22;DS;F;99
968;6;8;1978;22;PF;M;7
969;6;8;1978;21;PF;M;8
970;6;8;1978;12;DM;F;39
971;6;8;1978;17;NA;F;135
972;6;8;1978;9;DS;F;94
973;6;8;1978;9;DS;F;100
974;6;8;1978;11;DS;F;98
975;6;8;1978;17;DM;F;43
976;6;8;1978;8;PF;F;8
977;6;8;1978;17;DO;M;23
978;6;8;1978;21;OT;M;12
979;6;8;1978;11;DM;M;26
980;6;8;1978;20;DS;M;124
981;6;8;1978;11;PP;M;15
982;6;8;1978;12;DS;F;84
983;6;8;1978;7;;;
984;6;8;1978;10;;;
985;6;8;1978;19;;;
986;6;8;1978;23;;;
987;6;9;1978;6;DM;M;24
988;6;9;1978;18;DS;;
989;6;9;1978;4;DS;M;122
990;6;9;1978;2;NA;M;200
991;6;9;1978;13;PP;M;17
992;6;9;1978;14;DM;M;46
993;6;9;1978;2;DS;M;149
994;6;9;1978;18;DM;F;23
995;6;9;1978;2;PF;M;8
996;6;9;1978;18;DS;F;136
997;6;9;1978;18;DS;M;102
998;6;9;1978;14;DS;F;122
999;6;9;1978;18;DM;F;40
1000;6;9;1978;5;DS;F;71
1001;6;9;1978;18;DM;F;42
1002;6;9;1978;14;SS;M;130
1003;6;9;1978;1;DS;M;160
1004;6;9;1978;6;DS;F;82
1005;6;9;1978;5;DS;M;134
1006;6;9;1978;6;DM;M;38
1007;6;9;1978;1;DM;F;40
1008;6;9;1978;18;DM;F;37
1009;6;9;1978;3;OT;F;29
1010;6;9;1978;13;DS;F;107
1011;6;9;1978;1;DS;M;100
1012;6;9;1978;6;DS;M;32
1013;6;9;1978;1;DO;M;38
1014;6;9;1978;6;DS;F;73
1015;6;9;1978;1;DS;F;134
1016;6;9;1978;4;DS;F;119
1017;6;9;1978;5;DM;F;50
1018;6;9;1978;2;DM;M;43
1019;6;9;1978;1;DS;F;59
1020;6;9;1978;16;DM;M;48
1021;6;9;1978;1;DS;M;58
1022;6;9;1978;6;DM;M;41
1023;6;9;1978;4;DS;F;81
1024;6;9;1978;4;DS;M;93
1025;6;9;1978;14;DM;M;28
1026;6;9;1978;13;OL;M;44
1027;6;9;1978;13;OT;F;28
1028;6;9;1978;13;DM;F;24
1029;6;9;1978;18;NA;M;232
1030;6;9;1978;15;;;
1031;7;7;1978;9;DS;F;127
1032;7;7;1978;11;PP;M;16
1033;7;7;1978;12;DM;F;44
1034;7;7;1978;17;DM;M;35
1035;7;7;1978;12;DM;M;17
1036;7;7;1978;12;DS;F;122
1037;7;7;1978;11;DS;M;122
1038;7;7;1978;20;DM;F;32
1039;7;7;1978;11;DM;F;48
1040;7;7;1978;12;DS;M;95
1041;7;7;1978;17;DM;M;45
1042;7;7;1978;8;DO;M;51
1043;7;7;1978;17;DM;M;47
1044;7;7;1978;22;DS;F;119
1045;7;7;1978;8;DS;F;124
1046;7;7;1978;12;DS;F;87
1047;7;7;1978;6;DS;F;85
1048;7;7;1978;8;DM;F;
1049;7;7;1978;9;DM;M;36
1050;7;7;1978;22;DS;F;123
1051;7;7;1978;8;DS;F;111
1052;7;7;1978;17;DM;F;39
1053;7;7;1978;12;DM;M;27
1054;7;7;1978;22;DS;F;105
1055;7;7;1978;17;DS;M;132
1056;7;7;1978;17;DM;F;45
1057;7;7;1978;11;DS;F;96
1058;7;7;1978;12;DM;F;40
1059;7;7;1978;17;DS;F;120
1060;7;7;1978;12;DM;M;43
1061;7;7;1978;2;DM;F;46
1062;7;7;1978;2;DM;F;43
1063;7;7;1978;9;DS;F;86
1064;7;7;1978;21;PF;M;8
1065;7;7;1978;9;DM;M;34
1066;7;7;1978;12;DS;M;106
1067;7;7;1978;12;OT;F;22
1068;7;7;1978;17;OL;F;29
1069;7;7;1978;9;DS;F;98
1070;7;7;1978;17;DO;M;33
1071;7;7;1978;7;;;
1072;7;7;1978;10;;;
1073;7;7;1978;19;;;
1074;7;7;1978;23;;;
1075;7;8;1978;13;DM;M;46
1076;7;8;1978;15;PP;F;12
1077;7;8;1978;4;DS;M;130
1078;7;8;1978;15;PP;F;10
1079;7;8;1978;18;DS;M;106
1080;7;8;1978;14;DM;F;39
1081;7;8;1978;14;NA;M;113
1082;7;8;1978;1;DM;F;45
1083;7;8;1978;3;NA;F;115
1084;7;8;1978;4;DM;F;36
1085;7;8;1978;18;DM;M;24
1086;7;8;1978;14;DS;F;120
1087;7;8;1978;3;NA;M;190
1088;7;8;1978;14;PP;M;10
1089;7;8;1978;16;DM;M;48
1090;7;8;1978;18;DM;F;29
1091;7;8;1978;18;DS;F;131
1092;7;8;1978;13;DM;F;34
1093;7;8;1978;1;DS;M;101
1094;7;8;1978;18;DM;F;37
1095;7;8;1978;5;DM;F;47
1096;7;8;1978;5;DS;M;133
1097;7;8;1978;1;DS;M;63
1098;7;8;1978;16;DM;M;46
1099;7;8;1978;4;DS;F;81
1100;7;8;1978;5;DS;M;71
1101;7;8;1978;1;DS;F;65
1102;7;8;1978;4;DS;F;80
1103;7;8;1978;1;DS;F;130
1104;7;8;1978;14;DM;F;47
1105;7;8;1978;4;DS;F;118
1106;7;8;1978;4;DS;M;91
1107;8;4;1978;12;DS;F;120
1108;8;4;1978;17;PE;M;19
1109;8;4;1978;22;DM;M;45
1110;8;4;1978;17;PE;F;14
1111;8;4;1978;8;DS;F;122
1112;8;4;1978;17;DM;M;37
1113;8;4;1978;20;DM;F;36
1114;8;4;1978;21;OT;;19
1115;8;4;1978;12;DS;F;95
1116;8;4;1978;12;PP;M;18
1117;8;4;1978;20;OL;M;17
1118;8;4;1978;17;DS;F;123
1119;8;4;1978;12;NA;M;189
1120;8;4;1978;11;DM;F;17
1121;8;4;1978;17;DM;M;50
1122;8;4;1978;11;DS;M;126
1123;8;4;1978;17;DM;F;44
1124;8;4;1978;21;PF;M;8
1125;8;4;1978;12;DM;M;44
1126;8;4;1978;20;PP;F;13
1127;8;4;1978;9;DM;M;39
1128;8;4;1978;22;DS;F;115
1129;8;4;1978;17;DO;M;38
1130;8;4;1978;17;DS;M;138
1131;8;4;1978;20;NA;F;179
1132;8;4;1978;19;PM;F;21
1133;8;4;1978;12;DS;M;105
1134;8;4;1978;11;DM;F;43
1135;8;4;1978;21;PP;M;14
1136;8;4;1978;12;DM;M;32
1137;8;4;1978;8;DM;F;36
1138;8;4;1978;9;DM;M;40
1139;8;4;1978;11;DM;M;36
1140;8;4;1978;19;PM;M;19
1141;8;4;1978;9;DS;F;139
1142;8;4;1978;21;OL;M;20
1143;8;4;1978;11;DS;F;108
1144;8;4;1978;19;OT;M;12
1145;8;4;1978;12;DM;F;39
1146;8;4;1978;17;NA;F;149
1147;8;4;1978;10;;;
1148;8;5;1978;6;DM;F;43
1149;8;5;1978;16;DM;M;48
1150;8;5;1978;18;DM;F;33
1151;8;5;1978;2;DS;M;165
1152;8;5;1978;13;DM;F;41
1153;8;5;1978;18;DS;M;112
1154;8;5;1978;4;DM;F;35
1155;8;5;1978;6;DS;F;100
1156;8;5;1978;18;DS;M;
1157;8;5;1978;4;DM;F;34
1158;8;5;1978;5;DS;F;88
1159;8;5;1978;2;DM;F;31
1160;8;5;1978;14;DS;F;123
1161;8;5;1978;6;PF;F;6
1162;8;5;1978;5;DS;M;137
1163;8;5;1978;18;DS;F;
1164;8;5;1978;2;NA;M;199
1165;8;5;1978;13;DS;F;
1166;8;5;1978;4;DS;M;96
1167;8;5;1978;18;DM;F;41
1168;8;5;1978;15;NA;F;196
1169;8;5;1978;1;DS;M;100
1170;8;5;1978;6;DM;M;40
1171;8;5;1978;1;DS;;130
1172;8;5;1978;6;DS;F;98
1173;8;5;1978;13;DM;F;34
1174;8;5;1978;13;OL;F;29
1175;8;5;1978;16;OL;M;
1176;8;5;1978;18;DM;F;36
1177;8;5;1978;14;DM;M;36
1178;8;5;1978;16;DM;M;49
1179;8;5;1978;18;DM;M;30
1180;8;5;1978;4;DS;F;83
1181;8;5;1978;15;PP;F;14
1182;8;5;1978;1;DS;F;88
1183;8;5;1978;2;DM;F;47
1184;8;5;1978;14;DM;F;43
1185;8;5;1978;1;DS;F;136
1186;8;5;1978;4;DS;F;82
1187;8;5;1978;16;OL;F;33
1188;8;5;1978;1;DS;M;70
1189;8;5;1978;4;DS;F;119
1190;8;5;1978;13;OL;M;
1191;8;5;1978;5;DS;F;115
1192;8;5;1978;3;;;
1193;8;5;1978;7;;;
1194;8;5;1978;23;;;
1195;9;3;1978;11;DM;M;
1196;9;3;1978;17;OL;F;33
1197;9;3;1978;12;NA;F;158
1198;9;3;1978;17;DM;M;46
1199;9;3;1978;12;DS;M;107
1200;9;3;1978;11;DS;M;126
1201;9;3;1978;12;PP;M;19
1202;9;3;1978;7;PE;F;24
1203;9;3;1978;11;DM;F;45
1204;9;3;1978;12;NA;M;189
1205;9;3;1978;8;DS;F;122
1206;9;3;1978;20;DM;F;39
1207;9;3;1978;12;DM;F;31
1208;9;3;1978;11;DM;M;30
1209;9;3;1978;12;DS;F;124
1210;9;3;1978;8;DO;M;54
1211;9;3;1978;9;DS;F;133
1212;9;3;1978;17;DS;F;122
1213;9;3;1978;22;DS;F;110
1214;9;3;1978;21;PF;M;7
1215;9;3;1978;17;DM;M;52
1216;9;3;1978;17;DM;M;49
1217;9;3;1978;20;PF;M;8
1218;9;3;1978;7;PE;M;19
1219;9;3;1978;9;DM;M;43
1220;9;3;1978;20;NA;F;181
1221;9;3;1978;11;PP;F;14
1222;9;3;1978;11;OT;M;24
1223;9;3;1978;22;DS;F;128
1224;9;3;1978;17;DS;M;136
1225;9;3;1978;9;DS;F;100
1226;9;3;1978;17;DM;F;44
1227;9;3;1978;11;PP;M;13
1228;9;3;1978;8;DM;F;40
1229;9;3;1978;9;DM;M;41
1230;9;3;1978;19;PF;M;6
1231;9;3;1978;20;DS;M;127
1232;9;3;1978;9;PF;M;7
1233;9;3;1978;21;OL;M;24
1234;9;3;1978;8;DS;F;134
1235;9;3;1978;11;OT;F;20
1236;9;3;1978;21;PP;M;15
1237;9;3;1978;17;OT;M;
1238;9;3;1978;22;DS;F;125
1239;9;3;1978;12;DS;F;100
1240;9;3;1978;19;PE;F;13
1241;9;3;1978;12;DM;M;37
1242;9;3;1978;8;DM;F;40
1243;9;3;1978;9;DS;F;114
1244;9;3;1978;11;DS;F;110
1245;9;3;1978;11;DM;M;41
1246;9;3;1978;8;PF;M;8
1247;9;3;1978;12;DM;M;47
1248;9;3;1978;10;;;
1249;9;3;1978;23;;;
1250;9;4;1978;3;NA;F;141
1251;9;4;1978;6;DM;F;46
1252;9;4;1978;14;DM;F;40
1253;9;4;1978;13;OL;M;36
1254;9;4;1978;18;DS;M;107
1255;9;4;1978;4;DM;F;39
1256;9;4;1978;3;OT;M;27
1257;9;4;1978;3;PP;F;13
1258;9;4;1978;13;DM;;
1259;9;4;1978;14;DM;M;47
1260;9;4;1978;18;DS;F;134
1261;9;4;1978;2;NA;M;197
1262;9;4;1978;5;DM;F;39
1263;9;4;1978;13;DS;F;86
1264;9;4;1978;15;PP;F;15
1265;9;4;1978;15;PF;F;6
1266;9;4;1978;2;DS;M;158
1267;9;4;1978;4;DS;M;118
1268;9;4;1978;1;DS;F;123
1269;9;4;1978;2;DM;F;41
1270;9;4;1978;5;DM;F;49
1271;9;4;1978;1;DS;M;124
1272;9;4;1978;2;DM;F;42
1273;9;4;1978;14;DS;F;
1274;9;4;1978;6;DS;F;106
1275;9;4;1978;3;PF;F;7
1276;9;4;1978;18;DM;M;38
1277;9;4;1978;2;DM;F;47
1278;9;4;1978;6;DS;F;114
1279;9;4;1978;3;DM;M;
1280;9;4;1978;5;DS;M;140
1281;9;4;1978;3;SS;;
1282;9;4;1978;4;PF;F;6
1283;9;4;1978;2;PE;F;20
1284;9;4;1978;6;DO;M;45
1285;9;4;1978;14;NA;M;118
1286;9;4;1978;3;OT;F;28
1287;9;4;1978;13;DS;F;112
1288;9;4;1978;1;OT;M;20
1289;9;4;1978;14;DM;F;47
1290;9;4;1978;18;DM;F;
1291;9;4;1978;5;DM;F;38
1292;9;4;1978;4;DS;F;77
1293;9;4;1978;5;DS;F;126
1294;9;4;1978;2;PP;M;19
1295;9;4;1978;18;PE;F;16
1296;9;4;1978;1;DS;F;138
1297;9;4;1978;4;DS;F;125
1298;9;4;1978;5;DS;F;106
1299;9;4;1978;6;DM;M;43
1300;9;4;1978;13;DM;F;38
1301;9;4;1978;2;PE;M;17
1302;9;4;1978;4;DM;F;37
1303;9;4;1978;16;;;
1304;10;6;1978;1;DM;F;
1305;10;6;1978;1;DS;F;120
1306;10;6;1978;1;DM;F;38
1307;10;6;1978;1;DS;M;125
1308;10;6;1978;1;DS;F;
1309;10;6;1978;1;DM;F;51
1310;10;7;1978;20;DM;F;41
1311;10;7;1978;9;OT;M;18
1312;10;7;1978;11;DM;F;45
1313;10;7;1978;17;OL;M;30
1314;10;7;1978;8;DS;F;118
1315;10;7;1978;11;DS;M;108
1316;10;7;1978;21;OL;M;30
1317;10;7;1978;11;DM;M;45
1318;10;7;1978;11;PP;F;15
1319;10;7;1978;12;NA;;
1320;10;7;1978;20;DM;F;35
1321;10;7;1978;8;DO;M;50
1322;10;7;1978;12;DM;F;41
1323;10;7;1978;22;DS;F;112
1324;10;7;1978;9;DM;F;41
1325;10;7;1978;9;DS;F;129
1326;10;7;1978;20;DS;M;131
1327;10;7;1978;11;DO;M;45
1328;10;7;1978;17;DM;F;41
1329;10;7;1978;12;DM;M;40
1330;10;7;1978;17;DS;M;134
1331;10;7;1978;9;DS;M;132
1332;10;7;1978;17;DM;F;42
1333;10;7;1978;17;DS;F;121
1334;10;7;1978;12;DS;F;120
1335;10;7;1978;9;DS;F;98
1336;10;7;1978;22;DS;F;124
1337;10;7;1978;12;NA;;
1338;10;7;1978;8;DS;F;129
1339;10;7;1978;17;DM;M;48
1340;10;7;1978;11;DS;F;118
1341;10;7;1978;9;DM;M;37
1342;10;7;1978;9;DS;F;99
1343;10;7;1978;11;PF;F;6
1344;10;7;1978;11;DM;M;38
1345;10;7;1978;20;NA;;
1346;10;7;1978;11;DM;F;41
1347;10;7;1978;7;;;
1348;10;7;1978;8;DM;F;35
1349;10;7;1978;10;;;
1350;10;7;1978;23;;;
1351;10;8;1978;2;PF;M;6
1352;10;8;1978;3;PP;F;
1353;10;8;1978;4;DM;F;36
1354;10;8;1978;5;OT;F;20
1355;10;8;1978;5;OT;M;19
1356;10;8;1978;14;DM;F;37
1357;10;8;1978;18;PF;F;7
1358;10;8;1978;5;DS;M;131
1359;10;8;1978;13;DM;F;37
1360;10;8;1978;18;DS;M;113
1361;10;8;1978;3;NA;;
1362;10;8;1978;18;SS;;
1363;10;8;1978;18;DS;M;112
1364;10;8;1978;14;DS;F;121
1365;10;8;1978;2;DS;M;149
1366;10;8;1978;3;PF;F;
1367;10;8;1978;6;DS;F;110
1368;10;8;1978;15;PP;F;16
1369;10;8;1978;6;DM;M;38
1370;10;8;1978;2;DM;F;39
1371;10;8;1978;4;DS;M;115
1372;10;8;1978;13;PF;F;7
1373;10;8;1978;18;DS;F;135
1374;10;8;1978;2;NA;;
1375;10;8;1978;13;PP;M;20
1376;10;8;1978;6;DS;F;102
1377;10;8;1978;14;NA;;
1378;10;8;1978;18;PP;M;16
1379;10;8;1978;14;DM;M;45
1380;10;8;1978;3;PF;F;6
1381;10;8;1978;5;OT;F;25
1382;10;8;1978;2;DM;F;42
1383;10;8;1978;5;DM;F;46
1384;10;8;1978;13;DS;F;106
1385;10;8;1978;13;OL;F;24
1386;10;8;1978;15;PF;F;7
1387;10;8;1978;4;DS;F;120
1388;10;8;1978;4;SS;;
1389;10;8;1978;13;DM;F;37
1390;10;8;1978;5;OT;M;25
1391;10;8;1978;13;OL;M;34
1392;10;8;1978;6;DM;M;45
1393;10;8;1978;16;;;
1394;10;8;1978;18;DM;M;39
1395;10;8;1978;19;PE;;18
1396;11;4;1978;9;DM;M;42
1397;11;4;1978;11;DM;F;37
1398;11;4;1978;17;DS;F;120
1399;11;4;1978;12;DS;F;116
1400;11;4;1978;19;PF;M;6
1401;11;4;1978;8;DS;F;124
1402;11;4;1978;1;DM;F;39
1403;11;4;1978;1;DS;M;133
1404;11;4;1978;1;DS;F;125
1405;11;4;1978;11;OT;F;23
1406;11;4;1978;9;DM;F;38
1407;11;4;1978;12;DM;M;32
1408;11;4;1978;17;DM;F;40
1409;11;4;1978;8;DO;M;54
1410;11;4;1978;11;OL;M;33
1411;11;4;1978;9;DS;F;126
1412;11;4;1978;9;DS;M;136
1413;11;4;1978;8;OL;F;28
1414;11;4;1978;17;DS;M;137
1415;11;4;1978;8;DM;F;37
1416;11;4;1978;1;DM;F;39
1417;11;4;1978;12;DM;F;42
1418;11;4;1978;8;DO;F;45
1419;11;4;1978;9;DM;F;39
1420;11;4;1978;19;OT;M;21
1421;11;4;1978;12;OT;F;22
1422;11;4;1978;1;DS;M;130
1423;11;4;1978;9;DS;F;101
1424;11;4;1978;17;DO;F;45
1425;11;4;1978;22;DS;F;129
1426;11;4;1978;11;DM;M;45
1427;11;4;1978;21;PF;F;6
1428;11;4;1978;12;DM;M;45
1429;11;4;1978;20;DS;M;130
1430;11;4;1978;9;DM;M;39
1431;11;4;1978;9;DS;F;108
1432;11;4;1978;11;OL;F;28
1433;11;4;1978;17;DM;M;49
1434;11;4;1978;11;DM;M;39
1435;11;4;1978;17;SH;M;89
1436;11;4;1978;8;OT;F;24
1437;11;4;1978;10;;;
1438;11;4;1978;23;;;
1439;11;5;1978;6;DM;M;43
1440;11;5;1978;4;DM;F;36
1441;11;5;1978;6;DM;F;41
1442;11;5;1978;13;DM;F;40
1443;11;5;1978;5;OT;M;21
1444;11;5;1978;18;DM;F;37
1445;11;5;1978;6;DM;F;36
1446;11;5;1978;15;AH;;
1447;11;5;1978;6;DS;F;111
1448;11;5;1978;14;DM;M;45
1449;11;5;1978;5;DS;M;132
1450;11;5;1978;13;DS;F;107
1451;11;5;1978;18;DS;M;119
1452;11;5;1978;18;DS;F;121
1453;11;5;1978;2;NA;M;218
1454;11;5;1978;4;DS;M;111
1455;11;5;1978;18;OL;M;37
1456;11;5;1978;6;DM;M;37
1457;11;5;1978;18;OL;M;26
1458;11;5;1978;4;DM;M;38
1459;11;5;1978;6;DS;F;105
1460;11;5;1978;18;DM;M;41
1461;11;5;1978;2;DM;F;38
1462;11;5;1978;4;OT;F;22
1463;11;5;1978;14;DS;F;121
1464;11;5;1978;18;DM;F;38
1465;11;5;1978;14;NA;M;153
1466;11;5;1978;14;DM;F;43
1467;11;5;1978;2;PE;M;22
1468;11;5;1978;13;DM;F;40
1469;11;5;1978;2;DM;F;41
1470;11;5;1978;13;SS;;
1471;11;5;1978;13;DM;F;37
1472;11;5;1978;2;OT;F;23
1473;11;5;1978;4;OT;M;28
1474;11;5;1978;3;;;
1475;11;5;1978;7;;;
1476;11;5;1978;16;;;
1477;12;2;1978;17;OL;F;28
1478;12;2;1978;19;RM;M;8
1479;12;2;1978;9;OL;M;34
1480;12;2;1978;22;DM;F;
1481;12;2;1978;9;OL;F;29
1482;12;2;1978;22;OL;M;28
1483;12;2;1978;11;DM;F;37
1484;12;2;1978;9;DS;F;128
1485;12;2;1978;17;DM;F;40
1486;12;2;1978;11;DM;M;44
1487;12;2;1978;1;DM;F;37
1488;12;2;1978;17;DS;F;119
1489;12;2;1978;12;DM;M;39
1490;12;2;1978;12;NA;M;223
1491;12;2;1978;22;OL;M;33
1492;12;2;1978;1;DM;F;38
1493;12;2;1978;11;OT;F;25
1494;12;2;1978;21;RM;F;7
1495;12;2;1978;22;OL;F;32
1496;12;2;1978;9;DM;F;41
1497;12;2;1978;20;DS;M;136
1498;12;2;1978;11;DM;M;46
1499;12;2;1978;9;DS;F;101
1500;12;2;1978;8;DO;M;52
1501;12;2;1978;8;DS;F;122
1502;12;2;1978;9;DS;F;
1503;12;2;1978;22;DS;F;118
1504;12;2;1978;12;DS;F;116
1505;12;2;1978;8;OL;F;30
1506;12;2;1978;17;DO;F;44
1507;12;2;1978;9;OL;M;44
1508;12;2;1978;22;OL;M;27
1509;12;2;1978;22;DS;F;132
1510;12;2;1978;17;OL;M;
1511;12;2;1978;1;DM;M;42
1512;12;2;1978;20;NA;F;181
1513;12;2;1978;9;DM;M;40
1514;12;2;1978;11;DM;M;38
1515;12;2;1978;22;DM;M;42
1516;12;2;1978;17;OL;M;32
1517;12;2;1978;10;;;
1518;12;2;1978;23;;;
1519;12;3;1978;2;DM;M;46
1520;12;3;1978;14;DS;F;120
1521;12;3;1978;6;DS;F;113
1522;12;3;1978;13;DM;F;42
1523;12;3;1978;18;DM;F;44
1524;12;3;1978;5;DM;F;37
1525;12;3;1978;18;DS;M;126
1526;12;3;1978;18;DS;F;124
1527;12;3;1978;6;DS;F;111
1528;12;3;1978;6;DM;M;42
1529;12;3;1978;2;DM;M;38
1530;12;3;1978;14;NA;M;169
1531;12;3;1978;4;DS;M;118
1532;12;3;1978;13;OL;F;29
1533;12;3;1978;3;OT;F;23
1534;12;3;1978;2;DM;F;40
1535;12;3;1978;2;DM;F;43
1536;12;3;1978;18;DM;F;38
1537;12;3;1978;5;DS;M;142
1538;12;3;1978;14;DM;M;45
1539;12;3;1978;2;DM;M;49
1540;12;3;1978;13;DS;F;111
1541;12;3;1978;2;OT;M;
1542;12;3;1978;3;OT;M;28
1543;12;3;1978;2;OL;F;38
1544;12;3;1978;2;OL;M;32
1545;12;3;1978;13;DM;F;
1546;12;3;1978;6;OL;M;36
1547;12;3;1978;5;OT;F;26
1548;12;3;1978;5;OT;M;21
1549;12;3;1978;7;;;
1550;12;3;1978;15;;;
1551;12;3;1978;16;DM;M;45
1552;1;28;1979;22;DM;F;37
1553;1;28;1979;8;DS;F;128
1554;1;28;1979;9;DM;F;42
1555;1;28;1979;11;DM;M;37
1556;1;28;1979;22;DM;M;
1557;1;28;1979;17;DM;F;48
1558;1;28;1979;12;DM;M;45
1559;1;28;1979;17;DM;F;42
1560;1;28;1979;11;DO;M;52
1561;1;28;1979;22;OL;M;35
1562;1;28;1979;11;DM;M;50
1563;1;28;1979;1;OL;M;46
1564;1;28;1979;9;DM;F;43
1565;1;28;1979;22;DM;M;47
1566;1;28;1979;11;OL;M;35
1567;1;28;1979;11;DM;M;43
1568;1;28;1979;10;;;
1569;1;28;1979;19;;;
1570;1;28;1979;20;;;
1571;1;28;1979;21;;;
1572;1;28;1979;23;;;
1573;1;29;1979;2;OL;F;31
1574;1;29;1979;13;OL;M;39
1575;1;29;1979;18;DM;F;45
1576;1;29;1979;6;DM;M;43
1577;1;29;1979;18;DM;M;42
1578;1;29;1979;6;DM;M;49
1579;1;29;1979;4;DM;F;44
1580;1;29;1979;18;DM;M;47
1581;1;29;1979;2;DM;F;42
1582;1;29;1979;6;DS;F;125
1583;1;29;1979;18;DM;F;38
1584;1;29;1979;2;OT;M;30
1585;1;29;1979;3;OT;F;27
1586;1;29;1979;16;DM;M;45
1587;1;29;1979;18;DM;M;49
1588;1;29;1979;18;DS;M;137
1589;1;29;1979;4;DS;M;126
1590;1;29;1979;6;DM;M;50
1591;1;29;1979;6;DM;F;41
1592;1;29;1979;18;DS;F;153
1593;1;29;1979;16;DM;F;42
1594;1;29;1979;2;OT;M;26
1595;1;29;1979;4;DM;F;42
1596;1;29;1979;6;DM;F;41
1597;1;29;1979;2;OL;F;39
1598;1;29;1979;6;OL;F;32
1599;1;29;1979;18;DM;M;44
1600;1;29;1979;4;DM;M;44
1601;1;29;1979;14;DS;F;142
1602;1;29;1979;18;DM;F;41
1603;1;29;1979;2;PE;M;26
1604;1;29;1979;14;DM;F;48
1605;1;29;1979;16;OT;;
1606;1;29;1979;6;DM;F;37
1607;1;29;1979;16;OT;;
1608;1;29;1979;6;DM;F;45
1609;1;29;1979;18;DM;M;
1610;1;29;1979;6;DM;M;52
1611;1;29;1979;2;DM;F;43
1612;1;29;1979;13;DM;F;40
1613;1;29;1979;18;DM;M;48
1614;1;29;1979;5;;;
1615;1;29;1979;7;;;
1616;1;29;1979;15;;;
1617;2;24;1979;22;OL;F;40
1618;2;24;1979;9;OL;M;37
1619;2;24;1979;22;DM;M;50
1620;2;24;1979;22;DM;M;47
1621;2;24;1979;22;DM;F;44
1622;2;24;1979;8;OL;F;32
1623;2;24;1979;9;DO;F;61
1624;2;24;1979;11;DM;M;48
1625;2;24;1979;12;DS;F;123
1626;2;24;1979;11;OL;M;36
1627;2;24;1979;8;DS;M;109
1628;2;24;1979;22;DM;M;46
1629;2;24;1979;11;DM;M;44
1630;2;24;1979;8;DS;F;
1631;2;24;1979;22;DS;F;127
1632;2;24;1979;17;DO;F;48
1633;2;24;1979;17;DS;F;125
1634;2;24;1979;8;DM;M;42
1635;2;24;1979;22;DM;M;45
1636;2;24;1979;12;DM;M;47
1637;2;24;1979;9;DS;F;124
1638;2;24;1979;20;DS;F;131
1639;2;24;1979;7;;;
1640;2;24;1979;10;;;
1641;2;24;1979;19;;;
1642;2;24;1979;21;;;
1643;2;24;1979;23;;;
1644;2;25;1979;2;DM;F;44
1645;2;25;1979;3;OT;M;26
1646;2;25;1979;2;OL;F;30
1647;2;25;1979;5;DS;M;142
1648;2;25;1979;14;DM;F;43
1649;2;25;1979;18;DS;M;139
1650;2;25;1979;3;OT;F;30
1651;2;25;1979;1;DM;M;43
1652;2;25;1979;18;DS;F;132
1653;2;25;1979;2;PM;F;26
1654;2;25;1979;1;DM;M;48
1655;2;25;1979;6;DS;F;119
1656;2;25;1979;1;DS;M;137
1657;2;25;1979;15;PM;F;24
1658;2;25;1979;4;DS;M;130
1659;2;25;1979;13;DS;M;60
1660;2;25;1979;14;DS;F;127
1661;2;25;1979;2;DM;F;44
1662;2;25;1979;16;OL;F;35
1663;2;25;1979;4;DM;M;46
1664;2;25;1979;16;OL;M;34
1665;2;25;1979;4;DM;F;39
1666;2;25;1979;14;DM;M;40
1667;2;25;1979;16;DM;M;44
1668;2;25;1979;13;DM;F;43
1669;2;25;1979;13;OL;F;39
1670;2;25;1979;2;PM;M;26
1671;3;31;1979;12;DS;M;86
1672;3;31;1979;4;DM;F;23
1673;3;31;1979;2;DS;F;82
1674;3;31;1979;13;DM;F;37
1675;3;31;1979;17;PE;M;23
1676;3;31;1979;2;DM;M;54
1677;3;31;1979;12;DM;M;53
1678;3;31;1979;14;DS;F;132
1679;3;31;1979;22;DM;M;50
1680;3;31;1979;14;DS;F;71
1681;3;31;1979;5;DS;M;142
1682;3;31;1979;17;DM;F;46
1683;3;31;1979;17;DS;M;71
1684;3;31;1979;12;DS;F;125
1685;3;31;1979;14;DS;F;73
1686;3;31;1979;13;PF;F;7
1687;3;31;1979;18;DO;F;29
1688;3;31;1979;22;PF;F;7
1689;3;31;1979;18;DS;M;141
1690;3;31;1979;18;DS;M;78
1691;3;31;1979;4;DM;F;49
1692;3;31;1979;2;DM;M;45
1693;3;31;1979;22;DS;F;144
1694;3;31;1979;8;DS;F;123
1695;3;31;1979;1;DS;M;141
1696;3;31;1979;9;DS;F;115
1697;3;31;1979;1;DS;M;140
1698;3;31;1979;18;DS;M;127
1699;3;31;1979;5;DM;M;54
1700;3;31;1979;17;DO;F;49
1701;3;31;1979;2;DM;F;46
1702;3;31;1979;6;DM;M;53
1703;3;31;1979;17;DS;F;129
1704;3;31;1979;9;DS;F;112
1705;3;31;1979;9;DS;F;71
1706;3;31;1979;17;DO;F;50
1707;3;31;1979;18;DO;M;54
1708;3;31;1979;13;DS;F;58
1709;3;31;1979;9;DM;M;55
1710;3;31;1979;11;DS;M;
1711;3;31;1979;9;DM;M;31
1712;3;31;1979;11;DM;M;46
1713;3;31;1979;13;DS;F;112
1714;3;31;1979;4;DS;M;129
1715;3;31;1979;8;DM;M;45
1716;3;31;1979;3;;;
1717;3;31;1979;7;;;
1718;3;31;1979;10;;;
1719;3;31;1979;15;;;
1720;3;31;1979;16;;;
1721;3;31;1979;19;;;
1722;3;31;1979;20;;;
1723;3;31;1979;21;;;
1724;3;31;1979;23;;;
1725;4;28;1979;11;DM;M;47
1726;4;28;1979;12;DS;M;73
1727;4;28;1979;12;DS;F;75
1728;4;28;1979;12;DS;F;140
1729;4;28;1979;12;NA;F;86
1730;4;28;1979;1;DM;F;50
1731;4;28;1979;12;NA;F;239
1732;4;28;1979;22;DS;F;127
1733;4;28;1979;1;DS;M;144
1734;4;28;1979;11;DM;F;46
1735;4;28;1979;1;DS;F;71
1736;4;28;1979;22;DS;M;76
1737;4;28;1979;9;DS;F;51
1738;4;28;1979;8;DS;F;130
1739;4;28;1979;17;DS;M;143
1740;4;28;1979;9;DS;M;49
1741;4;28;1979;9;DS;F;124
1742;4;28;1979;9;DS;F;46
1743;4;28;1979;12;DM;M;34
1744;4;28;1979;20;DS;M;71
1745;4;28;1979;17;DS;F;119
1746;4;28;1979;20;PE;M;19
1747;4;28;1979;20;DS;F;143
1748;4;28;1979;9;DS;M;85
1749;4;28;1979;9;DS;F;63
1750;4;28;1979;17;DO;F;51
1751;4;28;1979;10;;;
1752;4;28;1979;19;;;
1753;4;28;1979;21;;;
1754;4;28;1979;23;;;
1755;4;29;1979;4;OT;M;28
1756;4;29;1979;2;NA;M;166
1757;4;29;1979;15;PP;F;15
1758;4;29;1979;18;DO;F;48
1759;4;29;1979;14;DS;M;67
1760;4;29;1979;13;PE;M;13
1761;4;29;1979;5;DS;M;143
1762;4;29;1979;15;OT;M;23
1763;4;29;1979;18;NA;F;126
1764;4;29;1979;13;DS;M;97
1765;4;29;1979;15;PM;M;18
1766;4;29;1979;14;DS;M;61
1767;4;29;1979;18;DO;F;
1768;4;29;1979;2;DM;M;43
1769;4;29;1979;14;DM;F;65
1770;4;29;1979;18;DS;M;99
1771;4;29;1979;4;DM;F;45
1772;4;29;1979;13;DS;F;135
1773;4;29;1979;4;DS;F;92
1774;4;29;1979;5;DS;M;95
1775;4;29;1979;14;DM;M;27
1776;4;29;1979;4;NA;M;101
1777;4;29;1979;3;;;
1778;4;29;1979;6;;;
1779;4;29;1979;7;;;
1780;4;29;1979;16;;;
1781;5;29;1979;9;DS;F;136
1782;5;29;1979;12;NA;M;66
1783;5;29;1979;12;DS;M;91
1784;5;29;1979;12;NA;M;72
1785;5;29;1979;17;DM;F;43
1786;5;29;1979;22;DS;M;96
1787;5;29;1979;17;DS;F;73
1788;5;29;1979;22;DM;F;47
1789;5;29;1979;20;PP;M;20
1790;5;29;1979;12;DM;M;43
1791;5;29;1979;17;DS;M;75
1792;5;29;1979;9;DS;F;76
1793;5;29;1979;22;DS;M;62
1794;5;29;1979;9;DS;F;114
1795;5;29;1979;17;DS;F;119
1796;5;29;1979;21;PF;F;
1797;5;29;1979;9;DS;F;63
1798;5;29;1979;12;NA;M;70
1799;5;29;1979;17;DS;M;147
1800;5;29;1979;9;DS;F;136
1801;5;29;1979;17;DS;;
1802;5;29;1979;22;DS;F;60
1803;5;29;1979;9;DS;M;71
1804;5;29;1979;20;DS;M;63
1805;5;29;1979;9;DM;F;47
1806;5;29;1979;8;DS;F;135
1807;5;29;1979;20;NA;M;40
1808;5;29;1979;8;DM;M;46
1809;5;29;1979;12;DO;M;41
1810;5;29;1979;22;DS;F;47
1811;5;29;1979;17;DO;M;29
1812;5;29;1979;20;DS;M;66
1813;5;29;1979;11;DM;M;46
1814;5;29;1979;20;DS;F;147
1815;5;29;1979;10;;;
1816;5;29;1979;19;;;
1817;5;30;1979;5;DM;F;53
1818;5;30;1979;2;NA;M;184
1819;5;30;1979;15;OT;M;24
1820;5;30;1979;1;DM;M;19
1821;5;30;1979;18;DS;F;128
1822;5;30;1979;15;OT;F;15
1823;5;30;1979;15;PP;F;
1824;5;30;1979;5;DS;F;113
1825;5;30;1979;14;DM;F;20
1826;5;30;1979;18;DO;F;44
1827;5;30;1979;14;DS;;88
1828;5;30;1979;18;DS;M;114
1829;5;30;1979;1;DS;F;101
1830;5;30;1979;18;DO;M;40
1831;5;30;1979;14;DM;M;40
1832;5;30;1979;13;DS;F;112
1833;5;30;1979;1;DM;F;45
1834;5;30;1979;5;DM;M;21
1835;5;30;1979;5;DS;M;105
1836;5;30;1979;1;DS;M;140
1837;5;30;1979;4;DS;F;107
1838;5;30;1979;14;DS;F;123
1839;5;30;1979;2;DM;M;50
1840;5;30;1979;1;DS;M;132
1841;5;30;1979;14;DS;M;93
1842;5;30;1979;15;PP;M;20
1843;5;30;1979;4;DM;F;44
1844;5;30;1979;13;DM;M;36
1845;5;30;1979;2;DM;F;53
1846;5;30;1979;2;DM;M;45
1847;5;30;1979;14;DM;F;57
1848;5;30;1979;3;;;
1849;5;30;1979;6;;;
1850;5;30;1979;7;;;
1851;5;30;1979;16;;;
1852;5;30;1979;23;;;
1853;7;3;1979;12;DS;M;105
1854;7;3;1979;21;OT;F;18
1855;7;3;1979;21;OT;M;27
1856;7;3;1979;22;PF;F;8
1857;7;3;1979;9;DS;F;116
1858;7;3;1979;17;DM;F;41
1859;7;3;1979;22;DS;M;120
1860;7;3;1979;20;PF;F;9
1861;7;3;1979;9;DS;F;96
1862;7;3;1979;17;DS;M;143
1863;7;3;1979;20;NA;F;94
1864;7;3;1979;8;DS;F;128
1865;7;3;1979;11;DS;M;91
1866;7;3;1979;20;DS;F;156
1867;7;3;1979;9;DS;M;
1868;7;3;1979;12;DM;M;44
1869;7;3;1979;17;DO;M;38
1870;7;3;1979;9;DS;M;86
1871;7;3;1979;21;PF;F;7
1872;7;3;1979;21;PF;M;8
1873;7;3;1979;23;PE;F;27
1874;7;3;1979;9;DM;F;
1875;7;3;1979;20;DS;M;43
1876;7;3;1979;11;DM;F;32
1877;7;3;1979;17;DM;M;48
1878;7;3;1979;9;DS;M;99
1879;7;3;1979;10;;;
1880;7;4;1979;3;OL;F;21
1881;7;4;1979;5;DM;M;34
1882;7;4;1979;2;NA;M;206
1883;7;4;1979;18;DS;M;60
1884;7;4;1979;15;PP;F;14
1885;7;4;1979;13;DM;F;27
1886;7;4;1979;5;DM;F;50
1887;7;4;1979;14;DS;F;120
1888;7;4;1979;18;DS;M;59
1889;7;4;1979;5;DS;F;112
1890;7;4;1979;14;DS;F;
1891;7;4;1979;18;DS;F;138
1892;7;4;1979;1;DS;M;
1893;7;4;1979;6;DS;F;95
1894;7;4;1979;14;DM;F;53
1895;7;4;1979;15;PP;F;16
1896;7;4;1979;14;DS;M;70
1897;7;4;1979;5;DS;M;110
1898;7;4;1979;2;PP;M;10
1899;7;4;1979;18;DO;F;53
1900;7;4;1979;13;DS;M;79
1901;7;4;1979;14;DM;M;44
1902;7;4;1979;14;DM;M;41
1903;7;4;1979;4;;;
1904;7;4;1979;7;;;
1905;7;4;1979;16;;;
1906;7;4;1979;19;;;
1907;7;24;1979;19;PE;F;24
1908;7;24;1979;13;OT;F;27
1909;7;24;1979;13;DM;F;32
1910;7;24;1979;20;PF;M;10
1911;7;24;1979;22;DM;F;40
1912;7;24;1979;1;DS;M;141
1913;7;24;1979;20;DS;F;165
1914;7;24;1979;20;NA;F;116
1915;7;24;1979;13;DS;M;93
1916;7;24;1979;20;PF;F;9
1917;7;24;1979;21;PF;M;
1918;7;24;1979;22;DS;F;78
1919;7;24;1979;7;;;
1920;7;24;1979;23;;;
1921;7;25;1979;17;PE;M;8
1922;7;25;1979;2;DS;F;80
1923;7;25;1979;18;PF;F;6
1924;7;25;1979;2;OT;F;25
1925;7;25;1979;12;DM;M;45
1926;7;25;1979;14;DM;F;44
1927;7;25;1979;17;DS;M;99
1928;7;25;1979;14;NA;M;151
1929;7;25;1979;18;DS;F;133
1930;7;25;1979;14;OT;M;19
1931;7;25;1979;11;DM;M;31
1932;7;25;1979;18;DO;M;46
1933;7;25;1979;12;DS;M;108
1934;7;25;1979;8;DS;F;126
1935;7;25;1979;17;DS;M;145
1936;7;25;1979;14;DS;F;93
1937;7;25;1979;11;DS;M;98
1938;7;25;1979;18;DO;F;42
1939;7;25;1979;14;DS;F;125
1940;7;25;1979;11;PP;M;16
1941;7;25;1979;17;DO;M;
1942;7;25;1979;8;OL;F;36
1943;7;25;1979;17;OT;F;25
1944;7;25;1979;16;;;
1945;7;26;1979;4;DS;M;108
1946;7;26;1979;15;PP;F;16
1947;7;26;1979;9;DM;F;44
1948;7;26;1979;15;PP;F;17
1949;7;26;1979;4;DM;F;44
1950;7;26;1979;3;OL;F;31
1951;7;26;1979;5;DM;M;40
1952;7;26;1979;3;OL;M;35
1953;7;26;1979;15;PP;F;11
1954;7;26;1979;15;PP;F;11
1955;7;26;1979;6;DS;F;59
1956;7;26;1979;9;DS;M;94
1957;7;26;1979;9;DS;M;68
1958;7;26;1979;4;DS;F;111
1959;7;26;1979;4;DM;F;23
1960;7;26;1979;10;;;
1961;8;21;1979;13;OT;M;20
1962;8;21;1979;13;OL;F;45
1963;8;21;1979;24;DS;F;124
1964;8;21;1979;21;OT;F;17
1965;8;21;1979;14;DS;M;94
1966;8;21;1979;20;NA;F;136
1967;8;21;1979;20;DS;F;148
1968;8;21;1979;14;OL;F;24
1969;8;21;1979;14;OL;M;35
1970;8;21;1979;24;DM;F;41
1971;8;21;1979;14;DM;F;53
1972;8;21;1979;22;DS;M;132
1973;8;21;1979;13;DS;M;106
1974;8;21;1979;14;DS;F;128
1975;8;21;1979;14;DM;M;46
1976;8;21;1979;19;;;
1977;8;21;1979;23;;;
1978;8;22;1979;12;DS;M;119
1979;8;22;1979;8;DS;F;125
1980;8;22;1979;11;OL;M;27
1981;8;22;1979;17;OT;M;27
1982;8;22;1979;12;NA;F;72
1983;8;22;1979;11;DM;M;35
1984;8;22;1979;18;DS;M;94
1985;8;22;1979;17;DM;M;45
1986;8;22;1979;12;OT;F;17
1987;8;22;1979;17;DS;M;106
1988;8;22;1979;15;PP;F;15
1989;8;22;1979;17;DO;M;45
1990;8;22;1979;17;DS;M;144
1991;8;22;1979;12;DM;M;47
1992;8;22;1979;11;DM;F;40
1993;8;22;1979;17;NA;F;105
1994;8;22;1979;7;;;
1995;8;22;1979;16;;;
1996;8;22;1979;18;DO;F;45
1997;8;23;1979;3;OT;M;28
1998;8;23;1979;9;OT;F;30
1999;8;23;1979;9;DS;M;93
2000;8;23;1979;5;DS;F;93
2001;8;23;1979;4;DS;M;124
2002;8;23;1979;9;DS;M;103
2003;8;23;1979;2;OT;F;27
2004;8;23;1979;6;DS;F;81
2005;8;23;1979;9;DM;F;48
2006;8;23;1979;1;DS;M;142
2007;8;23;1979;1;DM;M;53
2008;8;23;1979;5;DS;M;87
2009;8;23;1979;1;DS;M;144
2010;8;23;1979;4;DS;F;117
2011;8;23;1979;2;OT;M;20
2012;8;23;1979;5;OT;F;19
2013;8;23;1979;1;PP;F;14
2014;8;23;1979;2;DM;M;49
2015;8;23;1979;5;OT;F;18
2016;9;22;1979;10;OL;F;29
2017;9;22;1979;17;DM;M;47
2018;9;22;1979;23;PE;M;23
2019;9;22;1979;9;DS;F;
2020;9;22;1979;12;DS;M;131
2021;9;22;1979;22;OT;M;31
2022;9;22;1979;9;DM;M;35
2023;9;22;1979;17;DS;M;118
2024;9;22;1979;12;OT;M;20
2025;9;22;1979;20;NA;F;152
2026;9;22;1979;22;DS;M;138
2027;9;22;1979;12;DM;F;37
2028;9;22;1979;20;OT;F;21
2029;9;22;1979;12;DM;F;41
2030;9;22;1979;20;DM;M;50
2031;9;22;1979;11;OT;M;27
2032;9;22;1979;20;DS;F;153
2033;9;22;1979;8;DS;F;122
2034;9;22;1979;9;DS;F;106
2035;9;22;1979;11;DM;M;49
2036;9;22;1979;21;PE;F;24
2037;9;22;1979;9;SS;;
2038;9;22;1979;22;OT;M;19
2039;9;22;1979;8;PP;F;14
2040;9;22;1979;11;DM;F;40
2041;9;22;1979;9;OL;F;34
2042;9;22;1979;7;;;
2043;9;22;1979;19;;;
2044;9;23;1979;3;OL;M;34
2045;9;23;1979;3;OL;F;46
2046;9;23;1979;14;DM;M;45
2047;9;23;1979;15;PP;F;16
2048;9;23;1979;13;OT;M;21
2049;9;23;1979;24;DM;F;49
2050;9;23;1979;2;OT;F;23
2051;9;23;1979;2;PF;F;7
2052;9;23;1979;13;OL;F;40
2053;9;23;1979;4;DM;F;46
2054;9;23;1979;2;OT;F;29
2055;9;23;1979;24;DS;F;119
2056;9;23;1979;4;DS;M;129
2057;9;23;1979;5;OT;M;22
2058;9;23;1979;1;OT;M;24
2059;9;23;1979;24;DM;F;35
2060;9;23;1979;2;DM;F;46
2061;9;23;1979;3;PF;F;7
2062;9;23;1979;4;DS;F;124
2063;9;23;1979;24;DM;M;53
2064;9;23;1979;14;DM;F;46
2065;9;23;1979;24;DM;F;43
2066;9;23;1979;5;OT;F;25
2067;9;23;1979;14;OL;F;31
2068;9;23;1979;13;DS;M;120
2069;9;23;1979;18;OT;F;26
2070;9;23;1979;2;DM;M;51
2071;9;23;1979;1;PP;F;14
2072;9;23;1979;6;;;
2073;9;23;1979;16;;;
2074;10;24;1979;9;DO;M;26
2075;10;24;1979;12;DO;M;52
2076;10;24;1979;11;DS;M;137
2077;10;24;1979;12;SS;;
2078;10;24;1979;12;NA;F;92
2079;10;24;1979;8;DO;M;50
2080;10;24;1979;20;DS;F;151
2081;10;24;1979;12;NA;F;211
2082;10;24;1979;8;DO;F;47
2083;10;24;1979;9;DM;F;45
2084;10;24;1979;11;PP;M;16
2085;10;24;1979;17;DM;M;46
2086;10;24;1979;12;DM;F;40
2087;10;24;1979;9;DS;F;145
2088;10;24;1979;9;DM;M;43
2089;10;24;1979;10;OL;F;25
2090;10;24;1979;11;DM;F;28
2091;10;24;1979;11;DM;M;29
2092;10;24;1979;19;PE;M;19
2093;10;24;1979;22;DS;M;143
2094;10;24;1979;17;DS;M;156
2095;10;24;1979;17;DS;M;123
2096;10;24;1979;11;OT;F;27
2097;10;24;1979;8;DS;F;120
2098;10;24;1979;9;DS;F;123
2099;10;24;1979;23;PE;M;24
2100;10;24;1979;9;OT;F;21
2101;10;24;1979;12;DM;M;45
2102;10;24;1979;17;NA;M;133
2103;10;24;1979;19;OL;M;27
2104;10;24;1979;9;OT;M;22
2105;10;24;1979;17;DO;M;49
2106;10;24;1979;9;DS;F;102
2107;10;24;1979;20;NA;M;171
2108;10;24;1979;11;OT;M;18
2109;10;24;1979;11;OT;M;19
2110;10;24;1979;7;;;
2111;10;24;1979;21;;;
2112;10;25;1979;3;OL;F;32
2113;10;25;1979;24;DS;F;122
2114;10;25;1979;3;OL;M;36
2115;10;25;1979;14;DS;F;133
2116;10;25;1979;24;PE;M;19
2117;10;25;1979;3;PF;M;7
2118;10;25;1979;4;DS;M;130
2119;10;25;1979;6;OT;F;23
2120;10;25;1979;14;DM;M;
2121;10;25;1979;15;OT;F;19
2122;10;25;1979;2;DM;F;35
2123;10;25;1979;5;DM;F;49
2124;10;25;1979;24;DM;M;50
2125;10;25;1979;13;DS;M;135
2126;10;25;1979;4;DS;F;126
2127;10;25;1979;15;PP;F;16
2128;10;25;1979;14;DM;F;49
2129;10;25;1979;5;OT;F;26
2130;10;25;1979;13;DM;M;47
2131;10;25;1979;2;DM;F;47
2132;10;25;1979;5;OT;M;23
2133;10;25;1979;2;NA;F;274
2134;10;25;1979;18;DS;M;127
2135;10;25;1979;3;RM;M;7
2136;10;25;1979;5;OT;F;21
2137;10;25;1979;4;DM;M;49
2138;10;25;1979;1;;;
2139;10;25;1979;16;;;
2140;11;17;1979;3;PE;F;24
2141;11;17;1979;5;DM;F;30
2142;11;17;1979;17;OT;M;20
2143;11;17;1979;4;DM;M;40
2144;11;17;1979;17;OT;M;22
2145;11;17;1979;5;DM;F;49
2146;11;17;1979;15;OT;F;22
2147;11;17;1979;15;PF;M;6
2148;11;17;1979;3;PE;M;17
2149;11;17;1979;17;DM;M;48
2150;11;17;1979;3;RM;M;7
2151;11;17;1979;18;OT;F;22
2152;11;17;1979;5;DM;M;26
2153;11;17;1979;6;OT;F;23
2154;11;17;1979;14;RM;F;9
2155;11;17;1979;18;OL;M;31
2156;11;17;1979;5;OT;M;23
2157;11;17;1979;24;OT;F;21
2158;11;17;1979;1;OT;F;24
2159;11;17;1979;24;DS;F;124
2160;11;17;1979;4;DM;M;50
2161;11;17;1979;17;DS;M;130
2162;11;17;1979;18;DS;M;136
2163;11;17;1979;2;OL;F;34
2164;11;17;1979;3;PF;M;7
2165;11;17;1979;1;DM;F;30
2166;11;17;1979;15;OT;M;21
2167;11;17;1979;2;PF;F;7
2168;11;17;1979;4;DS;F;128
2169;11;17;1979;18;OL;F;33
2170;11;17;1979;14;DM;F;51
2171;11;17;1979;1;PM;M;25
2172;11;17;1979;17;OT;F;28
2173;11;17;1979;18;OL;M;34
2174;11;17;1979;14;NA;F;109
2175;11;17;1979;5;DM;M;48
2176;11;17;1979;2;DM;M;50
2177;11;17;1979;14;DS;F;141
2178;11;17;1979;2;OL;F;35
2179;11;17;1979;3;PF;F;8
2180;11;17;1979;24;DM;M;52
2181;11;17;1979;2;DM;F;49
2182;11;17;1979;5;DM;M;25
2183;11;17;1979;2;OL;M;36
2184;11;17;1979;2;NA;F;186
2185;11;17;1979;24;RM;M;7
2186;11;17;1979;17;DO;M;51
2187;11;17;1979;1;OL;M;41
2188;11;17;1979;13;DM;F;27
2189;11;17;1979;14;DM;M;21
2190;11;17;1979;6;PE;M;20
2191;11;17;1979;17;NA;M;153
2192;11;17;1979;16;;;
2193;11;18;1979;7;PM;M;23
2194;11;18;1979;7;DM;M;53
2195;11;18;1979;7;DM;F;43
2196;11;18;1979;7;OT;M;22
2197;11;18;1979;8;DM;M;44
2198;11;18;1979;8;DM;F;45
2199;11;18;1979;8;DM;F;50
2200;11;18;1979;8;DO;F;54
2201;11;18;1979;8;DM;M;43
2202;11;18;1979;9;DS;M;110
2203;11;18;1979;9;DS;F;118
2204;11;18;1979;9;DM;F;41
2205;11;18;1979;9;DM;M;49
2206;11;18;1979;10;OT;F;22
2207;11;18;1979;10;DM;F;36
2208;11;18;1979;11;DO;F;42
2209;11;18;1979;11;OL;M;19
2210;11;18;1979;11;OT;M;22
2211;11;18;1979;11;NA;F;122
2212;11;18;1979;12;OL;M;29
2213;11;18;1979;12;DM;M;44
2214;11;18;1979;12;DM;M;51
2215;11;18;1979;12;DS;F;118
2216;11;18;1979;13;NA;F;168
2217;11;18;1979;13;DM;M;36
2218;11;18;1979;14;DM;M;46
2219;11;18;1979;14;DM;F;43
2220;11;18;1979;15;DM;M;46
2221;11;18;1979;15;DM;F;45
2222;11;18;1979;15;DM;F;42
2223;11;18;1979;16;OT;M;19
2224;11;18;1979;16;DM;M;43
2225;11;18;1979;16;DM;M;46
2226;11;18;1979;17;OL;F;29
2227;11;18;1979;17;DS;F;134
2228;11;18;1979;18;OL;F;31
2229;11;18;1979;18;DM;F;40
2230;11;18;1979;19;DM;M;53
2231;11;18;1979;19;NA;F;122
2232;11;18;1979;19;DM;M;48
2233;11;18;1979;19;DM;M;54
2234;11;18;1979;20;DM;F;45
2235;11;18;1979;20;OT;M;20
2236;11;18;1979;20;OT;M;24
2237;11;18;1979;21;DM;F;48
2238;11;18;1979;22;OT;M;23
2239;11;18;1979;23;OT;M;22
2240;11;18;1979;23;OT;F;23
2241;11;18;1979;24;DM;M;42
2242;11;18;1979;20;DM;F;41
2243;11;18;1979;11;DS;M;134
2244;11;18;1979;11;DM;M;48
2245;11;18;1979;8;OL;M;36
2246;11;18;1979;9;DO;M;44
2247;11;18;1979;12;NA;F;217
2248;11;18;1979;8;DO;M;50
2249;11;18;1979;21;PF;M;8
2250;11;18;1979;20;DS;F;154
2251;11;18;1979;22;DS;M;141
2252;11;18;1979;11;DM;F;42
2253;11;18;1979;8;OL;F;35
2254;11;18;1979;22;DS;F;143
2255;11;18;1979;11;RM;F;9
2256;11;18;1979;11;DM;F;39
2257;11;18;1979;12;DS;;133
2258;11;18;1979;19;RM;F;11
2259;11;18;1979;8;DM;M;39
2260;11;18;1979;11;PP;M;16
2261;11;18;1979;9;DM;M;46
2262;11;18;1979;12;DM;F;50
2263;11;18;1979;23;PE;F;18
2264;11;18;1979;9;DS;F;103
2265;11;18;1979;12;DM;M;46
2266;11;18;1979;20;DM;M;49
2267;11;18;1979;19;PE;M;21
2268;11;18;1979;11;DM;M;36
2269;11;18;1979;10;;;
2270;11;18;1979;7;;;
2271;1;15;1980;8;DO;M;53
2272;1;15;1980;11;PF;F;10
2273;1;15;1980;18;DM;F;33
2274;1;15;1980;11;DM;M;37
2275;1;15;1980;8;DO;F;29
2276;1;15;1980;11;DS;M;132
2277;1;15;1980;8;PF;M;8
2278;1;15;1980;9;OT;M;23
2279;1;15;1980;11;DM;F;36
2280;1;15;1980;21;OT;F;21
2281;1;15;1980;11;OL;M;29
2282;1;15;1980;17;DM;F;49
2283;1;15;1980;11;OL;M;23
2284;1;15;1980;9;OL;M;32
2285;1;15;1980;10;OL;F;24
2286;1;15;1980;11;DM;M;47
2287;1;15;1980;21;OT;M;22
2288;1;15;1980;19;RM;F;12
2289;1;15;1980;20;DS;F;150
2290;1;15;1980;11;DM;M;49
2291;1;15;1980;9;OL;F;34
2292;1;15;1980;12;DM;F;40
2293;1;15;1980;18;DS;F;132
2294;1;15;1980;22;DM;F;25
2295;1;15;1980;9;OL;M;36
2296;1;15;1980;8;DO;F;50
2297;1;15;1980;11;DM;M;45
2298;1;15;1980;17;DM;M;47
2299;1;15;1980;9;DM;M;46
2300;1;15;1980;18;DM;F;29
2301;1;15;1980;9;DS;F;136
2302;1;15;1980;12;DM;M;45
2303;1;15;1980;19;RM;F;9
2304;1;15;1980;20;OL;F;27
2305;1;15;1980;12;NA;F;214
2306;1;15;1980;17;OT;M;20
2307;1;15;1980;17;OT;F;25
2308;1;15;1980;8;DM;M;40
2309;1;15;1980;10;OL;F;30
2310;1;15;1980;11;DM;M;48
2311;1;15;1980;12;NA;F;114
2312;1;15;1980;12;DS;M;131
2313;1;15;1980;21;PF;M;8
2314;1;15;1980;17;OL;F;32
2315;1;15;1980;17;RM;F;9
2316;1;15;1980;19;RM;M;9
2317;1;15;1980;18;DO;F;51
2318;1;15;1980;19;PE;F;17
2319;1;15;1980;11;DM;M;26
2320;1;15;1980;18;DO;M;32
2321;1;15;1980;20;OT;M;25
2322;1;15;1980;9;DS;F;114
2323;1;15;1980;17;OL;M;31
2324;1;15;1980;11;DM;M;49
2325;1;15;1980;17;DO;M;50
2326;1;15;1980;22;DS;M;142
2327;1;15;1980;10;RM;M;10
2328;1;15;1980;21;PF;F;9
2329;1;15;1980;17;NA;M;187
2330;1;15;1980;7;;;
2331;1;15;1980;23;;;
2332;1;16;1980;1;DO;M;50
2333;1;16;1980;1;DM;F;52
2334;1;16;1980;1;DM;M;44
2335;1;16;1980;1;DM;F;43
2336;1;16;1980;1;DM;M;42
2337;1;16;1980;1;OT;M;23
2338;1;16;1980;2;DM;F;46
2339;1;16;1980;2;DM;F;37
2340;1;16;1980;2;DM;F;42
2341;1;16;1980;3;DM;F;44
2342;1;16;1980;4;DS;F;113
2343;1;16;1980;5;DM;M;48
2344;1;16;1980;5;DM;F;39
2345;1;16;1980;5;OT;M;21
2346;1;16;1980;5;NA;M;239
2347;1;16;1980;6;DM;M;42
2348;1;16;1980;6;OT;F;20
2349;1;16;1980;6;DM;F;46
2350;1;16;1980;6;NA;M;241
2351;1;16;1980;13;OT;F;21
2352;1;16;1980;13;DM;M;43
2353;1;16;1980;14;DM;M;48
2354;1;16;1980;14;DM;M;47
2355;1;16;1980;14;DM;M;
2356;1;16;1980;15;DM;F;39
2357;1;16;1980;15;DM;M;36
2358;1;16;1980;15;DM;F;39
2359;1;16;1980;16;DM;M;49
2360;1;16;1980;16;DM;M;45
2361;1;16;1980;16;DM;F;40
2362;1;16;1980;17;NA;M;168
2363;1;16;1980;17;DO;M;32
2364;1;16;1980;18;DM;F;
2365;1;16;1980;18;DO;M;29
2366;1;16;1980;23;DM;F;44
2367;1;16;1980;23;DM;M;51
2368;1;16;1980;24;DM;F;46
2369;1;16;1980;24;OT;M;22
2370;1;16;1980;24;DO;F;43
2371;1;16;1980;24;OL;F;26
2372;1;16;1980;2;DM;F;37
2373;1;16;1980;3;OL;M;36
2374;1;16;1980;16;OT;M;20
2375;1;16;1980;2;OL;M;36
2376;1;16;1980;5;DM;M;45
2377;1;16;1980;24;DM;M;40
2378;1;16;1980;13;DM;F;37
2379;1;16;1980;15;RM;F;10
2380;1;16;1980;15;PF;M;7
2381;1;16;1980;24;DS;F;120
2382;1;16;1980;4;DS;M;131
2383;1;16;1980;2;OL;F;38
2384;1;16;1980;2;DO;F;53
2385;1;16;1980;14;DM;F;49
2386;1;16;1980;14;DS;F;68
2387;1;16;1980;14;OL;;
2388;1;16;1980;4;DM;M;51
2389;1;16;1980;1;DM;F;43
2390;1;16;1980;1;DM;F;38
2391;1;16;1980;2;OL;F;34
2392;1;16;1980;2;OT;F;20
2393;1;16;1980;3;PF;F;7
2394;1;16;1980;4;DM;F;40
2395;1;16;1980;14;NA;F;120
2396;1;16;1980;4;DS;F;141
2397;1;16;1980;5;DM;F;40
2398;1;16;1980;6;DM;M;40
2399;1;16;1980;5;DM;M;44
2400;1;16;1980;2;DM;F;42
2401;1;16;1980;14;DM;M;37
2402;1;16;1980;4;DM;F;36
2403;1;16;1980;24;DM;M;54
2404;1;16;1980;4;PF;F;7
2405;1;16;1980;15;PF;F;7
2406;1;16;1980;2;NA;F;184
2407;1;16;1980;15;OT;F;22
2408;1;16;1980;4;DM;F;48
2409;1;16;1980;5;DM;F;61
2410;2;24;1980;17;DO;F;54
2411;2;24;1980;18;DM;F;41
2412;2;24;1980;18;OT;M;25
2413;2;24;1980;18;OT;F;27
2414;2;24;1980;11;PF;F;7
2415;2;24;1980;12;DM;M;50
2416;2;24;1980;22;DS;M;142
2417;2;24;1980;17;DM;M;47
2418;2;24;1980;8;OL;F;35
2419;2;24;1980;19;RM;M;10
2420;2;24;1980;20;RM;F;12
2421;2;24;1980;8;OL;M;39
2422;2;24;1980;9;DO;F;50
2423;2;24;1980;12;DS;M;
2424;2;24;1980;17;DS;M;128
2425;2;24;1980;11;RM;F;16
2426;2;24;1980;21;OT;F;25
2427;2;24;1980;11;OL;F;32
2428;2;24;1980;8;DO;F;47
2429;2;24;1980;8;DM;M;43
2430;2;24;1980;18;DO;M;44
2431;2;24;1980;8;DS;M;133
2432;2;24;1980;21;RM;F;8
2433;2;24;1980;12;DM;F;40
2434;2;24;1980;12;DM;M;47
2435;2;24;1980;19;PE;M;21
2436;2;24;1980;12;DM;F;42
2437;2;24;1980;17;DO;M;
2438;2;24;1980;21;PF;M;9
2439;2;24;1980;23;PE;F;19
2440;2;24;1980;9;DS;F;103
2441;2;24;1980;17;OL;F;37
2442;2;24;1980;10;RM;M;10
2443;2;24;1980;17;OL;M;35
2444;2;24;1980;9;DM;M;
2445;2;24;1980;11;DM;F;36
2446;2;24;1980;17;DO;F;52
2447;2;24;1980;9;DO;F;46
2448;2;24;1980;9;OL;M;35
2449;2;24;1980;12;DM;F;23
2450;2;24;1980;12;DM;F;24
2451;2;24;1980;7;;;
2452;2;25;1980;1;DM;F;40
2453;2;25;1980;1;DM;M;51
2454;2;25;1980;1;DS;M;147
2455;2;25;1980;1;DM;F;43
2456;2;25;1980;2;DM;F;48
2457;2;25;1980;2;PE;M;23
2458;2;25;1980;2;DO;F;55
2459;2;25;1980;2;DO;M;52
2460;2;25;1980;2;DM;F;46
2461;2;25;1980;3;DS;M;147
2462;2;25;1980;3;DM;M;48
2463;2;25;1980;3;DS;M;155
2464;2;25;1980;3;DS;M;129
2465;2;25;1980;4;DM;F;38
2466;2;25;1980;4;DM;M;50
2467;2;25;1980;4;DM;F;40
2468;2;25;1980;5;OT;F;29
2469;2;25;1980;6;DS;M;126
2470;2;25;1980;6;DM;F;37
2471;2;25;1980;7;DO;M;52
2472;2;25;1980;7;DM;F;37
2473;2;25;1980;8;DS;M;81
2474;2;25;1980;8;DS;M;79
2475;2;25;1980;9;DM;F;46
2476;2;25;1980;9;DM;M;47
2477;2;25;1980;10;DM;F;40
2478;2;25;1980;10;DM;M;49
2479;2;25;1980;11;DS;M;143
2480;2;25;1980;11;DM;F;36
2481;2;25;1980;11;DM;M;41
2482;2;25;1980;12;DM;F;38
2483;2;25;1980;12;DM;M;51
2484;2;25;1980;12;DM;F;39
2485;2;25;1980;13;DM;M;45
2486;2;25;1980;13;DM;M;48
2487;2;25;1980;13;DM;M;47
2488;2;25;1980;14;DM;M;56
2489;2;25;1980;14;DM;M;39
2490;2;25;1980;14;DM;F;41
2491;2;25;1980;15;DM;M;46
2492;2;25;1980;15;DM;F;42
2493;2;25;1980;15;DM;M;44
2494;2;25;1980;16;DM;F;49
2495;2;25;1980;16;DM;M;46
2496;2;25;1980;24;DM;M;51
2497;2;25;1980;24;DM;F;46
2498;2;25;1980;24;NA;F;170
2499;2;25;1980;24;DS;M;134
2500;2;25;1980;24;DS;F;136
2501;2;25;1980;24;DS;M;87
2502;2;25;1980;24;DM;M;46
2503;2;25;1980;3;PF;M;7
2504;2;25;1980;24;OL;F;33
2505;2;25;1980;5;DM;M;47
2506;2;25;1980;3;PF;F;5
2507;2;25;1980;15;OT;M;26
2508;2;25;1980;15;OT;F;26
2509;2;25;1980;13;RM;M;8
2510;2;25;1980;13;DM;M;42
2511;2;25;1980;24;DM;M;51
2512;2;25;1980;3;RM;M;11
2513;2;25;1980;3;RM;M;11
2514;2;25;1980;4;PF;F;7
2515;2;25;1980;1;DS;M;105
2516;2;25;1980;15;PF;M;7
2517;2;25;1980;14;DM;F;46
2518;2;25;1980;2;RM;F;9
2519;2;25;1980;13;DS;M;71
2520;2;25;1980;6;DS;M;143
2521;2;25;1980;14;DM;M;42
2522;2;25;1980;14;NA;F;147
2523;2;25;1980;15;RM;F;9
2524;2;25;1980;4;DS;F;142
2525;2;25;1980;2;DM;F;45
2526;2;25;1980;24;OL;M;37
2527;2;25;1980;6;DM;M;43
2528;2;25;1980;1;OT;F;24
2529;2;25;1980;15;RM;M;8
2530;2;25;1980;2;PE;F;21
2531;2;25;1980;2;OL;F;41
2532;2;25;1980;2;OL;M;40
2533;2;25;1980;3;PF;M;8
2534;2;25;1980;5;DM;F;42
2535;2;25;1980;16;;;
2536;3;9;1980;2;PF;F;7
2537;3;9;1980;3;RM;M;10
2538;3;9;1980;9;DO;F;49
2539;3;9;1980;11;DO;F;54
2540;3;9;1980;21;PF;M;7
2541;3;9;1980;24;OT;F;24
2542;3;9;1980;1;OT;F;26
2543;3;9;1980;4;DM;M;50
2544;3;9;1980;6;DM;M;41
2545;3;9;1980;12;DS;F;70
2546;3;9;1980;17;DS;M;126
2547;3;9;1980;20;DM;F;44
2548;3;9;1980;3;PF;F;6
2549;3;9;1980;4;DM;F;41
2550;3;9;1980;17;DM;M;49
2551;3;9;1980;18;DM;F;40
2552;3;9;1980;22;DM;F;55
2553;3;9;1980;13;OL;M;38
2554;3;9;1980;18;DS;F;114
2555;3;9;1980;2;DM;M;42
2556;3;9;1980;6;DM;F;39
2557;3;9;1980;9;DM;F;48
2558;3;9;1980;12;NA;M;74
2559;3;9;1980;13;DM;M;40
2560;3;9;1980;22;DM;M;49
2561;3;9;1980;1;DS;M;145
2562;3;9;1980;2;DO;M;55
2563;3;9;1980;8;DO;F;47
2564;3;9;1980;9;PP;M;15
2565;3;9;1980;20;OL;F;36
2566;3;9;1980;4;DS;;
2567;3;9;1980;6;DM;F;39
2568;3;9;1980;9;OL;F;34
2569;3;9;1980;12;DM;M;50
2570;3;9;1980;13;DM;F;40
2571;3;9;1980;24;DM;M;48
2572;3;9;1980;1;PE;F;24
2573;3;9;1980;3;RM;F;14
2574;3;9;1980;6;DO;F;49
2575;3;9;1980;11;DM;F;29
2576;3;9;1980;15;PF;F;7
2577;3;9;1980;18;DS;M;108
2578;3;9;1980;20;DM;M;49
2579;3;9;1980;22;DM;F;49
2580;3;9;1980;20;OT;M;25
2581;3;9;1980;21;RM;F;11
2582;3;9;1980;22;DM;M;47
2583;3;9;1980;3;PF;M;8
2584;3;9;1980;12;DM;F;43
2585;3;9;1980;13;DO;M;54
2586;3;9;1980;14;DM;F;50
2587;3;9;1980;24;DM;F;53
2588;3;9;1980;1;DM;M;50
2589;3;9;1980;2;DM;F;46
2590;3;9;1980;9;DS;M;146
2591;3;9;1980;4;PF;M;5
2592;3;9;1980;9;DM;M;50
2593;3;9;1980;13;OT;M;28
2594;3;9;1980;18;DO;M;44
2595;3;9;1980;3;PF;M;8
2596;3;9;1980;6;DM;M;43
2597;3;9;1980;13;DM;M;46
2598;3;9;1980;15;OT;F;27
2599;3;9;1980;20;DM;F;51
2600;3;9;1980;2;DM;F;38
2601;3;9;1980;4;DS;F;111
2602;3;9;1980;6;OT;F;27
2603;3;9;1980;12;DO;M;53
2604;3;9;1980;14;DM;F;43
2605;3;9;1980;22;DM;F;52
2606;3;9;1980;2;DO;M;55
2607;3;9;1980;4;DS;M;121
2608;3;9;1980;13;DM;M;43
2609;3;9;1980;14;DM;F;52
2610;3;9;1980;22;OL;M;36
2611;3;9;1980;12;DS;M;136
2612;3;9;1980;13;DO;F;51
2613;3;9;1980;14;DM;M;58
2614;3;9;1980;24;DS;M;86
2615;3;9;1980;2;DO;M;
2616;3;9;1980;6;DM;M;38
2617;3;9;1980;11;PF;F;7
2618;3;9;1980;13;OT;F;21
2619;3;9;1980;20;DM;M;52
2620;3;9;1980;24;DS;F;126
2621;3;9;1980;6;DO;M;42
2622;3;9;1980;2;DM;M;43
2623;3;9;1980;12;RM;M;10
2624;3;9;1980;6;DS;F;67
2625;3;9;1980;20;RM;F;16
2626;3;9;1980;1;DM;M;42
2627;3;9;1980;2;OL;M;39
2628;3;9;1980;4;DS;M;124
2629;3;9;1980;9;DM;M;49
2630;3;9;1980;11;DO;F;50
2631;3;9;1980;2;DM;M;44
2632;3;9;1980;8;DO;F;57
2633;3;9;1980;13;DM;M;44
2634;3;9;1980;20;DM;M;49
2635;3;9;1980;2;DM;F;52
2636;3;9;1980;3;PF;M;7
2637;3;9;1980;12;OL;F;38
2638;3;9;1980;20;DM;F;43
2639;3;9;1980;21;RM;M;8
2640;3;9;1980;1;DO;M;44
2641;3;9;1980;11;DS;M;147
2642;3;9;1980;15;DM;M;37
2643;3;9;1980;2;DM;M;43
2644;3;9;1980;17;DS;M;132
2645;3;9;1980;19;RM;M;9
2646;3;9;1980;2;RM;M;10
2647;3;9;1980;5;DM;M;48
2648;3;9;1980;11;DM;M;42
2649;3;9;1980;2;OL;F;38
2650;3;9;1980;6;OL;M;40
2651;3;9;1980;13;DM;F;42
2652;3;9;1980;19;RM;M;10
2653;3;9;1980;2;DM;M;51
2654;3;9;1980;4;DS;F;135
2655;3;9;1980;5;DM;F;46
2656;3;9;1980;9;DS;F;114
2657;3;9;1980;13;DS;M;118
2658;3;9;1980;20;DM;M;42
2659;3;9;1980;21;PF;M;9
2660;3;9;1980;22;DS;M;147
2661;3;9;1980;1;DM;F;46
2662;3;9;1980;2;DM;M;47
2663;3;9;1980;4;DS;M;147
2664;3;9;1980;9;OL;F;37
2665;3;9;1980;12;DM;M;52
2666;3;9;1980;20;DM;M;46
2667;3;9;1980;2;DM;F;46
2668;3;9;1980;24;DM;M;47
2669;3;9;1980;24;DM;M;53
2670;3;9;1980;1;OT;F;22
2671;3;9;1980;8;DM;M;45
2672;3;9;1980;9;DM;M;48
2673;3;9;1980;19;RM;F;12
2674;3;9;1980;17;DO;M;
2675;3;9;1980;19;OT;M;24
2676;3;9;1980;20;DM;F;43
2677;3;9;1980;4;DM;M;52
2678;3;9;1980;6;DM;M;51
2679;3;9;1980;14;DM;M;42
2680;3;9;1980;19;OT;F;24
2681;3;9;1980;20;DM;M;42
2682;3;9;1980;22;DS;M;131
2683;3;9;1980;6;DO;M;56
2684;3;9;1980;8;DS;M;85
2685;3;9;1980;11;RM;F;14
2686;3;9;1980;12;DM;F;41
2687;3;9;1980;13;DS;M;89
2688;3;9;1980;17;OL;M;35
2689;3;9;1980;1;DS;M;160
2690;3;9;1980;8;DS;M;131
2691;3;9;1980;20;DS;M;134
2692;3;9;1980;2;DM;M;45
2693;3;9;1980;13;DM;M;50
2694;3;9;1980;20;NA;M;177
2695;3;9;1980;2;DM;M;45
2696;3;9;1980;18;DO;F;
2697;3;9;1980;22;RM;F;
2698;3;9;1980;13;DS;M;104
2699;3;9;1980;20;OT;M;24
2700;3;9;1980;1;DS;M;110
2701;3;9;1980;2;DM;F;49
2702;3;9;1980;12;DM;M;56
2703;3;9;1980;13;DM;M;50
2704;3;9;1980;14;DM;M;43
2705;3;9;1980;1;DM;F;46
2706;3;9;1980;4;DX;;
2707;3;9;1980;12;DM;F;27
2708;3;9;1980;13;DM;M;47
2709;3;9;1980;13;DO;F;55
2710;3;9;1980;15;OT;F;26
2711;3;9;1980;19;PE;F;23
2712;3;9;1980;8;DS;M;82
2713;3;9;1980;13;DM;;
2714;3;9;1980;22;DS;F;114
2715;3;9;1980;2;DM;F;50
2716;3;9;1980;6;OT;M;24
2717;3;9;1980;11;OL;M;33
2718;3;9;1980;20;DM;M;43
2719;3;9;1980;1;DM;F;44
2720;3;9;1980;5;PF;M;6
2721;3;9;1980;6;DO;F;51
2722;3;9;1980;9;OL;M;36
2723;3;9;1980;11;DM;F;43
2724;3;9;1980;13;DO;F;39
2725;3;9;1980;20;DM;F;42
2726;3;9;1980;22;DS;M;141
2727;3;9;1980;24;DM;F;43
2728;3;9;1980;2;NA;F;
2729;3;9;1980;4;PF;F;7
2730;3;9;1980;6;PF;M;7
2731;3;9;1980;13;DM;F;40
2732;3;9;1980;20;NA;M;212
2733;3;9;1980;24;DM;F;44
2734;3;9;1980;19;PE;M;21
2735;3;9;1980;20;DS;M;104
2736;3;9;1980;1;DM;F;42
2737;3;9;1980;12;DM;F;29
2738;3;9;1980;18;OT;M;25
2739;3;9;1980;1;DM;F;45
2740;3;9;1980;2;DM;F;45
2741;3;9;1980;5;DM;F;44
2742;3;9;1980;6;NA;;243
2743;3;9;1980;9;DM;F;44
2744;3;9;1980;18;DO;M;45
2745;3;9;1980;24;DM;F;39
2746;3;21;1980;12;DS;M;134
2747;3;21;1980;10;OL;F;42
2748;3;21;1980;17;OL;M;35
2749;3;21;1980;17;DM;M;48
2750;3;21;1980;9;DM;M;47
2751;3;21;1980;12;NA;M;97
2752;3;21;1980;17;OL;F;40
2753;3;21;1980;1;PF;F;7
2754;3;21;1980;21;RM;F;5
2755;3;21;1980;19;RM;F;13
2756;3;21;1980;12;DM;F;51
2757;3;21;1980;8;DM;M;44
2758;3;21;1980;12;RM;F;
2759;3;21;1980;19;RM;F;12
2760;3;21;1980;21;PF;M;
2761;3;21;1980;11;DM;F;45
2762;3;21;1980;17;DS;M;160
2763;3;21;1980;9;DS;F;61
2764;3;21;1980;12;RM;M;9
2765;3;21;1980;9;DS;M;91
2766;3;21;1980;20;DS;F;165
2767;3;21;1980;21;RM;F;5
2768;3;21;1980;9;DS;F;92
2769;3;21;1980;8;DS;M;134
2770;3;21;1980;12;DM;F;45
2771;3;21;1980;17;DO;M;51
2772;3;21;1980;23;PE;M;21
2773;3;21;1980;9;DS;F;113
2774;3;21;1980;19;RM;M;9
2775;3;21;1980;20;DS;M;113
2776;3;21;1980;19;PE;F;21
2777;3;21;1980;8;PF;;
2778;3;21;1980;12;DM;M;53
2779;3;21;1980;9;OL;M;36
2780;3;21;1980;20;DS;F;65
2781;3;21;1980;1;DS;M;117
2782;3;21;1980;22;DS;M;144
2783;3;21;1980;12;DM;M;50
2784;3;21;1980;7;;;
2785;3;22;1980;4;DM;M;51
2786;3;22;1980;14;DM;F;54
2787;3;22;1980;15;OT;F;33
2788;3;22;1980;4;DM;F;44
2789;3;22;1980;15;PF;;
2790;3;22;1980;2;DM;F;59
2791;3;22;1980;18;DM;M;47
2792;3;22;1980;24;DM;M;49
2793;3;22;1980;3;RM;M;10
2794;3;22;1980;16;OT;F;31
2795;3;22;1980;14;DS;F;97
2796;3;22;1980;18;DS;F;184
2797;3;22;1980;3;RM;M;10
2798;3;22;1980;4;DM;M;49
2799;3;22;1980;24;DS;M;80
2800;3;22;1980;3;PF;M;8
2801;3;22;1980;4;DS;M;131
2802;3;22;1980;13;DM;M;42
2803;3;22;1980;4;PF;M;5
2804;3;22;1980;24;DS;F;127
2805;3;22;1980;4;DS;F;133
2806;3;22;1980;6;DS;M;138
2807;3;22;1980;15;PF;F;11
2808;3;22;1980;5;DM;M;49
2809;3;22;1980;18;OT;F;28
2810;3;22;1980;3;PF;M;8
2811;3;22;1980;4;DS;M;81
2812;3;22;1980;13;DS;M;90
2813;3;22;1980;15;DM;M;45
2814;3;22;1980;2;DM;F;44
2815;3;22;1980;4;DS;M;82
2816;3;22;1980;4;DS;F;78
2817;3;22;1980;15;OT;M;30
2818;3;22;1980;2;OL;M;37
2819;3;22;1980;24;DM;M;50
2820;3;22;1980;13;OL;M;37
2821;3;22;1980;13;PF;F;7
2822;3;22;1980;14;DM;M;44
2823;3;22;1980;18;OT;M;25
2824;3;22;1980;6;PF;;
2825;3;22;1980;15;RM;M;7
2826;3;22;1980;13;DM;M;45
2827;3;22;1980;5;DM;F;51
2828;4;17;1980;17;DM;M;23
2829;4;17;1980;8;DS;M;135
2830;4;17;1980;20;OL;F;36
2831;4;17;1980;17;OT;M;15
2832;4;17;1980;20;DS;F;155
2833;4;17;1980;1;DM;M;19
2834;4;17;1980;19;RM;M;10
2835;4;17;1980;1;PF;F;7
2836;4;17;1980;10;OT;F;10
2837;4;17;1980;12;DS;M;132
2838;4;17;1980;1;DS;M;145
2839;4;17;1980;12;DM;F;43
2840;4;17;1980;9;DS;F;114
2841;4;17;1980;22;DS;M;95
2842;4;17;1980;11;DS;F;130
2843;4;17;1980;12;DM;M;49
2844;4;17;1980;19;RM;M;9
2845;4;17;1980;8;DO;F;30
2846;4;17;1980;9;DS;M;143
2847;4;17;1980;12;DM;F;43
2848;4;17;1980;10;RM;F;12
2849;4;17;1980;12;DM;M;55
2850;4;17;1980;22;DS;M;140
2851;4;17;1980;17;DO;M;49
2852;4;17;1980;17;OL;F;33
2853;4;17;1980;1;PP;F;12
2854;4;17;1980;1;DS;M;122
2855;4;17;1980;10;OT;M;10
2856;4;17;1980;9;DS;F;108
2857;4;17;1980;11;DS;F;92
2858;4;17;1980;8;PF;M;8
2859;4;17;1980;9;DM;M;48
2860;4;17;1980;20;DS;M;125
2861;4;17;1980;10;OL;F;32
2862;4;17;1980;9;DS;M;104
2863;4;17;1980;1;DM;M;51
2864;4;17;1980;12;DM;F;43
2865;4;17;1980;21;;;
2866;4;17;1980;7;;;
2867;4;17;1980;23;;;
2868;4;18;1980;4;DM;M;49
2869;4;18;1980;6;DS;M;141
2870;4;18;1980;15;PF;F;8
2871;4;18;1980;4;PF;M;7
2872;4;18;1980;3;RM;M;10
2873;4;18;1980;16;DM;M;48
2874;4;18;1980;4;DS;M;131
2875;4;18;1980;6;PF;M;8
2876;4;18;1980;18;DS;M;74
2877;4;18;1980;2;SS;;
2878;4;18;1980;24;PE;M;21
2879;4;18;1980;4;OL;F;35
2880;4;18;1980;5;PF;M;8
2881;4;18;1980;3;PF;M;8
2882;4;18;1980;24;DM;M;50
2883;4;18;1980;2;PF;M;8
2884;4;18;1980;15;OT;F;36
2885;4;18;1980;13;DM;M;44
2886;4;18;1980;14;DM;F;51
2887;4;18;1980;16;OT;F;22
2888;4;18;1980;18;DS;F;146
2889;4;18;1980;24;DM;F;43
2890;4;18;1980;3;RM;F;12
2891;4;18;1980;24;DS;F;160
2892;4;18;1980;4;OL;M;42
2893;4;18;1980;18;DS;M;135
2894;4;18;1980;24;RM;F;9
2895;4;18;1980;5;DM;F;20
2896;4;18;1980;13;DS;M;88
2897;4;18;1980;4;DS;M;102
2898;4;18;1980;14;DS;F;115
2899;4;18;1980;15;PF;M;7
2900;4;18;1980;2;PF;M;6
2901;4;18;1980;2;DM;F;53
2902;4;18;1980;2;DM;M;48
2903;4;18;1980;13;OL;F;38
2904;4;18;1980;18;NA;F;110
2905;4;18;1980;15;PF;M;8
2906;4;18;1980;2;DM;M;43
2907;4;18;1980;14;DM;M;45
2908;4;18;1980;4;DS;M;92
2909;4;18;1980;4;DS;F;160
2910;4;18;1980;13;DS;M;104
2911;4;18;1980;13;DM;M;46
2912;4;18;1980;5;DM;F;43
2913;5;17;1980;1;DM;F;44
2914;5;17;1980;10;OL;M;36
2915;5;17;1980;17;DM;M;34
2916;5;17;1980;22;SS;;
2917;5;17;1980;24;DS;F;130
2918;5;17;1980;12;DM;F;43
2919;5;17;1980;11;DS;F;105
2920;5;17;1980;9;OL;M;38
2921;5;17;1980;24;PE;F;33
2922;5;17;1980;24;DM;M;49
2923;5;17;1980;17;DO;M;51
2924;5;17;1980;17;DS;;108
2925;5;17;1980;11;DS;M;45
2926;5;17;1980;20;DS;F;154
2927;5;17;1980;24;NA;M;109
2928;5;17;1980;11;PF;F;8
2929;5;17;1980;12;DS;M;133
2930;5;17;1980;24;DM;F;41
2931;5;17;1980;1;DS;M;148
2932;5;17;1980;1;NA;M;119
2933;5;17;1980;9;DS;F;127
2934;5;17;1980;9;DS;M;144
2935;5;17;1980;22;DS;M;140
2936;5;17;1980;12;DM;F;40
2937;5;17;1980;22;DS;F;78
2938;5;17;1980;22;DS;M;104
2939;5;17;1980;9;DS;F;72
2940;5;17;1980;17;DS;M;142
2941;5;17;1980;12;DM;M;53
2942;5;17;1980;1;PP;M;17
2943;5;17;1980;9;DS;M;113
2944;5;17;1980;9;DS;F;73
2945;5;17;1980;17;OT;F;28
2946;5;17;1980;20;DS;M;120
2947;5;17;1980;1;DS;M;102
2948;5;17;1980;12;DM;M;29
2949;5;17;1980;9;DS;F;138
2950;5;17;1980;17;DO;F;53
2951;5;17;1980;24;DM;F;27
2952;5;17;1980;20;NA;M;207
2953;5;17;1980;1;PP;F;19
2954;5;17;1980;20;DS;M;78
2955;5;17;1980;24;DM;M;30
2956;5;17;1980;12;DM;M;31
2957;5;17;1980;19;;;
2958;5;17;1980;21;;;
2959;5;17;1980;7;;;
2960;5;17;1980;23;;;
2961;5;18;1980;13;DS;M;97
2962;5;18;1980;18;DS;M;84
2963;5;18;1980;5;DM;M;45
2964;5;18;1980;18;DS;F;68
2965;5;18;1980;4;DM;M;49
2966;5;18;1980;15;PF;M;7
2967;5;18;1980;15;PF;M;7
2968;5;18;1980;8;OL;F;24
2969;5;18;1980;18;DS;F;154
2970;5;18;1980;18;DM;M;48
2971;5;18;1980;4;DS;M;104
2972;5;18;1980;13;DM;M;43
2973;5;18;1980;15;OL;F;39
2974;5;18;1980;13;PF;M;6
2975;5;18;1980;2;DM;M;43
2976;5;18;1980;18;DS;F;72
2977;5;18;1980;5;DM;F;30
2978;5;18;1980;2;OL;M;39
2979;5;18;1980;5;DS;F;79
2980;5;18;1980;4;DS;M;133
2981;5;18;1980;2;DM;F;56
2982;5;18;1980;6;DS;M;138
2983;5;18;1980;13;DS;M;99
2984;5;18;1980;8;DS;M;134
2985;5;18;1980;14;DS;F;102
2986;5;18;1980;18;DS;M;134
2987;5;18;1980;14;DM;M;43
2988;5;18;1980;14;DM;F;48
2989;5;18;1980;15;PF;F;8
2990;5;18;1980;3;PF;F;7
2991;5;18;1980;13;DM;M;47
2992;5;18;1980;14;NA;F;189
2993;5;18;1980;8;DO;F;43
2994;5;18;1980;18;NA;M;73
2995;5;18;1980;4;DS;M;86
2996;5;18;1980;4;DS;M;105
2997;5;18;1980;16;DM;M;45
2998;5;18;1980;4;DS;F;123
2999;5;18;1980;14;NA;M;98
3000;5;18;1980;2;NA;F;87
3001;5;18;1980;18;NA;F;75
3002;5;18;1980;2;NA;F;174
3003;5;18;1980;5;DM;F;50
3004;5;24;1980;1;DS;;135
3005;5;24;1980;1;DS;M;142
3006;5;24;1980;1;DM;M;54
3007;5;24;1980;1;DO;M;54
3008;5;24;1980;2;DS;F;153
3009;5;24;1980;2;DS;F;105
3010;5;24;1980;2;DS;M;149
3011;5;25;1980;3;DS;F;115
3012;5;25;1980;3;DS;F;78
3013;5;25;1980;3;DM;F;43
3014;5;25;1980;3;DS;F;
3015;5;25;1980;3;DS;M;123
3016;5;25;1980;3;DS;F;125
3017;5;25;1980;3;DS;M;91
3018;5;25;1980;4;DS;M;95
3019;5;25;1980;4;DS;M;88
3020;5;25;1980;4;DS;M;53
3021;5;25;1980;4;DS;F;103
3022;5;25;1980;4;DS;F;54
3023;5;25;1980;4;DM;F;41
3024;5;25;1980;4;DM;M;49
3025;5;25;1980;5;DS;M;122
3026;5;25;1980;5;DM;F;43
3027;5;25;1980;5;DS;M;105
3028;5;25;1980;5;OT;F;33
3029;5;25;1980;5;DS;F;112
3030;5;25;1980;5;DS;F;130
3031;5;25;1980;5;DM;M;44
3032;5;25;1980;5;NA;F;135
3033;6;2;1980;2;DM;F;45
3034;6;2;1980;2;DS;M;102
3035;6;2;1980;2;DM;M;46
3036;6;2;1980;7;DM;M;46
3037;6;2;1980;7;DM;F;53
3038;6;2;1980;7;DS;;126
3039;6;2;1980;9;DS;M;122
3040;6;2;1980;9;OL;F;28
3041;6;2;1980;9;DM;F;51
3042;6;2;1980;9;DS;F;69
3043;6;22;1980;10;OL;M;35
3044;6;22;1980;17;DM;M;41
3045;6;22;1980;20;DS;F;151
3046;6;22;1980;11;DS;M;109
3047;6;22;1980;18;DS;F;93
3048;6;22;1980;18;DS;M;82
3049;6;22;1980;24;PE;M;22
3050;6;22;1980;11;DO;F;56
3051;6;22;1980;24;DM;F;45
3052;6;22;1980;17;DM;M;46
3053;6;22;1980;11;DO;M;26
3054;6;22;1980;20;DM;M;48
3055;6;22;1980;17;DS;F;109
3056;6;22;1980;22;DS;M;103
3057;6;22;1980;18;DS;M;136
3058;6;22;1980;24;NA;F;187
3059;6;22;1980;11;PF;M;7
3060;6;22;1980;8;DO;F;51
3061;6;22;1980;18;SS;;
3062;6;22;1980;21;PP;F;11
3063;6;22;1980;9;DS;M;101
3064;6;22;1980;11;DS;M;54
3065;6;22;1980;8;DS;M;133
3066;6;22;1980;17;DO;F;58
3067;6;22;1980;22;DS;M;141
3068;6;22;1980;17;DS;M;144
3069;6;22;1980;20;DS;M;123
3070;6;22;1980;9;DS;M;118
3071;6;22;1980;19;PE;M;18
3072;6;22;1980;9;DS;F;80
3073;6;22;1980;17;DO;M;49
3074;6;22;1980;20;NA;M;209
3075;6;22;1980;18;DM;M;37
3076;6;22;1980;9;DS;F;97
3077;6;22;1980;22;DS;F;102
3078;6;22;1980;20;DS;M;105
3079;6;22;1980;18;DO;M;44
3080;6;22;1980;8;DS;F;
3081;6;22;1980;23;;;
3082;6;23;1980;14;DM;M;40
3083;6;23;1980;2;DS;F;90
3084;6;23;1980;5;DM;F;52
3085;6;23;1980;4;OL;F;32
3086;6;23;1980;12;DM;F;31
3087;6;23;1980;13;NA;M;241
3088;6;23;1980;12;DS;M;132
3089;6;23;1980;3;NA;F;150
3090;6;23;1980;14;DM;F;48
3091;6;23;1980;14;DS;M;77
3092;6;23;1980;1;PP;F;7
3093;6;23;1980;4;DM;F;38
3094;6;23;1980;6;DS;M;135
3095;6;23;1980;15;OT;M;26
3096;6;23;1980;4;DS;M;124
3097;6;23;1980;1;PP;M;17
3098;6;23;1980;12;DM;F;39
3099;6;23;1980;2;DM;M;42
3100;6;23;1980;6;PF;M;7
3101;6;23;1980;4;DS;M;96
3102;6;23;1980;13;DM;M;43
3103;6;23;1980;4;DS;F;124
3104;6;23;1980;4;DS;M;106
3105;6;23;1980;12;DM;F;29
3106;6;23;1980;13;DS;M;111
3107;6;23;1980;2;DM;F;53
3108;6;23;1980;13;DM;M;28
3109;6;23;1980;14;DM;F;25
3110;6;23;1980;5;DM;M;20
3111;6;23;1980;14;DS;F;106
3112;6;23;1980;4;DS;M;111
3113;6;23;1980;4;OT;F;33
3114;6;23;1980;14;DM;M;
3115;6;23;1980;13;PF;M;7
3116;6;23;1980;16;OT;F;26
3117;6;23;1980;14;DM;F;42
3118;6;23;1980;1;DS;M;131
3119;6;23;1980;12;DM;M;40
3120;6;23;1980;4;OT;M;30
3121;6;23;1980;7;;;
3122;6;27;1980;1;DS;M;
3123;7;21;1980;24;NA;F;75
3124;7;21;1980;17;DM;M;45
3125;7;21;1980;18;DS;M;90
3126;7;21;1980;8;AB;;
3127;7;21;1980;24;PE;M;24
3128;7;21;1980;24;PE;F;35
3129;7;21;1980;11;PF;M;7
3130;7;21;1980;11;DS;M;113
3131;7;21;1980;17;DO;M;24
3132;7;21;1980;17;OT;F;32
3133;7;21;1980;24;NA;F;191
3134;7;21;1980;17;DS;F;104
3135;7;21;1980;18;DM;M;47
3136;7;21;1980;8;DS;M;135
3137;7;21;1980;17;DS;M;143
3138;7;21;1980;22;DS;M;143
3139;7;21;1980;18;DS;F;93
3140;7;21;1980;22;DS;F;108
3141;7;21;1980;24;DM;F;41
3142;7;21;1980;11;DO;M;34
3143;7;21;1980;17;DO;M;49
3144;7;21;1980;10;SS;;
3145;7;21;1980;20;NA;M;207
3146;7;21;1980;24;AB;;
3147;7;21;1980;8;DO;F;47
3148;7;21;1980;11;DS;M;122
3149;7;21;1980;17;DO;F;47
3150;7;21;1980;11;DS;M;71
3151;7;21;1980;18;DO;M;44
3152;7;21;1980;19;AB;;
3153;7;21;1980;22;AB;;
3154;7;21;1980;9;;;
3155;7;21;1980;19;;;
3156;7;21;1980;21;;;
3157;7;21;1980;23;;;
3158;7;22;1980;14;DM;M;42
3159;7;22;1980;12;DM;M;54
3160;7;22;1980;1;SS;;
3161;7;22;1980;5;DM;F;43
3162;7;22;1980;14;NA;F;80
3163;7;22;1980;15;PF;M;7
3164;7;22;1980;4;DM;M;48
3165;7;22;1980;12;DS;M;134
3166;7;22;1980;14;DS;M;95
3167;7;22;1980;13;DM;F;32
3168;7;22;1980;12;DM;F;46
3169;7;22;1980;14;DM;F;50
3170;7;22;1980;1;PP;F;14
3171;7;22;1980;4;DS;M;136
3172;7;22;1980;13;PF;F;7
3173;7;22;1980;4;DM;M;29
3174;7;22;1980;4;DS;F;128
3175;7;22;1980;15;PF;F;8
3176;7;22;1980;16;OT;M;18
3177;7;22;1980;4;DS;M;114
3178;7;22;1980;4;DS;M;92
3179;7;22;1980;14;DM;M;45
3180;7;22;1980;14;DM;F;19
3181;7;22;1980;13;OL;F;33
3182;7;22;1980;2;DM;M;43
3183;7;22;1980;5;DM;F;43
3184;7;22;1980;3;;;
3185;7;22;1980;6;;;
3186;7;22;1980;7;;;
3187;8;13;1980;11;DO;M;39
3188;8;13;1980;17;DM;M;46
3189;8;13;1980;23;CB;;
3190;8;13;1980;9;CM;;
3191;8;13;1980;11;DS;M;121
3192;8;13;1980;19;PF;M;8
3193;8;13;1980;17;DO;M;32
3194;8;13;1980;18;DS;M;140
3195;8;13;1980;24;NA;F;108
3196;8;13;1980;18;DS;M;99
3197;8;13;1980;20;DS;M;134
3198;8;13;1980;22;DS;M;115
3199;8;13;1980;8;OL;F;34
3200;8;13;1980;19;CQ;;
3201;8;13;1980;17;DS;F;118
3202;8;13;1980;18;DO;M;46
3203;8;13;1980;8;DS;M;134
3204;8;13;1980;11;DS;M;102
3205;8;13;1980;17;DO;M;51
3206;8;13;1980;24;DM;M;43
3207;8;13;1980;17;DS;M;149
3208;8;13;1980;8;CM;;
3209;8;13;1980;22;DS;F;113
3210;8;13;1980;8;OL;M;35
3211;8;13;1980;11;DM;M;29
3212;8;13;1980;11;NA;M;83
3213;8;13;1980;17;SS;;
3214;8;13;1980;10;;;
3215;8;13;1980;21;;;
3216;8;14;1980;3;NA;F;154
3217;8;14;1980;12;NA;F;173
3218;8;14;1980;12;PP;F;13
3219;8;14;1980;12;DM;M;55
3220;8;14;1980;14;DM;F;50
3221;8;14;1980;15;PF;F;9
3222;8;14;1980;3;PF;M;10
3223;8;14;1980;4;DS;M;137
3224;8;14;1980;12;DM;F;44
3225;8;14;1980;1;DS;M;131
3226;8;14;1980;1;DM;F;53
3227;8;14;1980;12;DS;M;138
3228;8;14;1980;3;PF;F;10
3229;8;14;1980;12;DM;M;35
3230;8;14;1980;13;PF;M;6
3231;8;14;1980;14;DM;M;41
3232;8;14;1980;2;OT;M;30
3233;8;14;1980;1;PP;F;18
3234;8;14;1980;4;DM;F;42
3235;8;14;1980;12;OT;F;25
3236;8;14;1980;2;DM;M;42
3237;8;14;1980;1;DS;M;143
3238;8;14;1980;5;DM;F;42
3239;8;14;1980;13;PF;F;10
3240;8;14;1980;4;DS;F;136
3241;8;14;1980;14;DM;F;28
3242;8;14;1980;4;DS;M;120
3243;8;14;1980;14;DS;F;111
3244;8;14;1980;14;DM;M;45
3245;8;14;1980;6;;;
3246;8;14;1980;7;;;
3247;8;14;1980;16;;;
3248;9;7;1980;7;DM;M;48
3249;9;7;1980;20;DM;;
3250;9;7;1980;21;CM;;
3251;9;7;1980;24;NA;F;139
3252;9;7;1980;18;DM;M;54
3253;9;7;1980;18;DS;M;115
3254;9;7;1980;22;DM;M;34
3255;9;7;1980;17;DM;;35
3256;9;7;1980;20;PP;F;9
3257;9;7;1980;18;OT;F;18
3258;9;7;1980;17;DM;M;51
3259;9;7;1980;11;DS;M;131
3260;9;7;1980;13;DS;M;108
3261;9;7;1980;11;PP;F;16
3262;9;7;1980;18;SS;;
3263;9;7;1980;10;CM;;
3264;9;7;1980;17;DS;M;124
3265;9;7;1980;22;DS;M;111
3266;9;7;1980;9;DS;M;114
3267;9;7;1980;22;DS;M;120
3268;9;7;1980;8;OL;F;35
3269;9;7;1980;20;DS;F;150
3270;9;7;1980;17;DS;M;145
3271;9;7;1980;9;DS;F;124
3272;9;7;1980;11;NA;M;143
3273;9;7;1980;13;PF;F;9
3274;9;7;1980;22;DS;F;122
3275;9;7;1980;19;PF;M;8
3276;9;7;1980;18;DM;F;33
3277;9;7;1980;23;CM;;
3278;9;7;1980;8;DS;M;134
3279;9;7;1980;13;DM;M;49
3280;9;7;1980;17;DO;M;52
3281;9;7;1980;8;OT;M;21
3282;9;7;1980;17;SS;;
3283;9;7;1980;13;SS;;
3284;9;7;1980;17;DS;F;118
3285;9;7;1980;21;CM;;
3286;9;7;1980;19;PE;F;27
3287;9;7;1980;8;PF;M;8
3288;9;7;1980;9;DS;F;110
3289;9;7;1980;22;PF;F;8
3290;9;7;1980;20;NA;M;205
3291;9;7;1980;18;CM;;
3292;9;7;1980;11;OT;M;16
3293;9;8;1980;6;DM;M;41
3294;9;8;1980;15;PF;M;8
3295;9;8;1980;4;PP;F;16
3296;9;8;1980;4;OT;M;16
3297;9;8;1980;12;DS;M;141
3298;9;8;1980;3;PF;M;10
3299;9;8;1980;5;DM;F;52
3300;9;8;1980;12;NA;F;172
3301;9;8;1980;12;PP;F;13
3302;9;8;1980;2;DM;M;45
3303;9;8;1980;4;DS;M;139
3304;9;8;1980;12;DM;F;55
3305;9;8;1980;1;DM;F;47
3306;9;8;1980;2;CM;;
3307;9;8;1980;12;DM;M;55
3308;9;8;1980;15;PF;F;6
3309;9;8;1980;1;DS;M;138
3310;9;8;1980;14;DS;F;109
3311;9;8;1980;2;OT;F;21
3312;9;8;1980;6;DM;M;44
3313;9;8;1980;15;PF;F;8
3314;9;8;1980;14;DM;F;51
3315;9;8;1980;4;DM;F;39
3316;9;8;1980;1;PP;F;14
3317;9;8;1980;3;CM;;
3318;9;8;1980;4;DS;F;130
3319;9;8;1980;3;CM;;
3320;9;8;1980;3;CM;;
3321;9;8;1980;4;DS;M;129
3322;9;8;1980;14;DM;M;47
3323;9;8;1980;3;PF;F;6
3324;9;8;1980;4;OT;F;29
3325;9;8;1980;1;DS;M;144
3326;9;8;1980;7;;;
3327;9;8;1980;16;;;
3328;10;11;1980;8;OL;F;38
3329;10;11;1980;11;PP;F;16
3330;10;11;1980;13;DS;F;119
3331;10;11;1980;8;OL;M;15
3332;10;11;1980;24;RM;F;13
3333;10;11;1980;17;OT;F;35
3334;10;11;1980;22;DS;M;128
3335;10;11;1980;24;OT;M;20
3336;10;11;1980;20;CQ;;
3337;10;11;1980;20;DS;F;151
3338;10;11;1980;20;DM;M;38
3339;10;11;1980;24;OT;M;24
3340;10;11;1980;17;DS;F;128
3341;10;11;1980;24;DM;F;43
3342;10;11;1980;21;OT;F;22
3343;10;11;1980;1;NA;M;171
3344;10;11;1980;10;OT;F;24
3345;10;11;1980;11;DM;M;39
3346;10;11;1980;17;DS;M;149
3347;10;11;1980;24;DM;M;52
3348;10;11;1980;22;DS;F;124
3349;10;11;1980;20;DM;M;39
3350;10;11;1980;13;DM;M;46
3351;10;11;1980;20;NA;M;212
3352;10;11;1980;10;CM;;
3353;10;11;1980;13;PF;F;7
3354;10;11;1980;8;OL;M;18
3355;10;11;1980;1;PF;F;
3356;10;11;1980;8;OL;M;18
3357;10;11;1980;1;DS;M;150
3358;10;11;1980;11;DS;M;130
3359;10;11;1980;8;DS;M;142
3360;10;11;1980;24;OT;F;26
3361;10;11;1980;17;DO;F;49
3362;10;11;1980;22;PF;F;8
3363;10;11;1980;20;PE;M;18
3364;10;11;1980;19;;;
3365;10;11;1980;23;;;
3366;10;11;1980;7;;;
3367;10;12;1980;12;DM;F;41
3368;10;12;1980;6;DM;M;39
3369;10;12;1980;12;DS;M;140
3370;10;12;1980;15;OT;F;26
3371;10;12;1980;4;OL;F;32
3372;10;12;1980;6;OT;M;22
3373;10;12;1980;12;DM;F;45
3374;10;12;1980;12;NA;F;200
3375;10;12;1980;6;DM;M;47
3376;10;12;1980;12;OT;M;26
3377;10;12;1980;15;OT;M;11
3378;10;12;1980;18;DS;M;140
3379;10;12;1980;9;DS;M;121
3380;10;12;1980;2;DS;F;137
3381;10;12;1980;4;DS;F;126
3382;10;12;1980;3;PF;M;7
3383;10;12;1980;18;DS;M;116
3384;10;12;1980;5;DM;M;48
3385;10;12;1980;14;DS;F;110
3386;10;12;1980;18;PF;M;8
3387;10;12;1980;4;DS;M;137
3388;10;12;1980;2;DM;M;45
3389;10;12;1980;18;DM;M;49
3390;10;12;1980;9;DS;F;120
3391;10;12;1980;9;DM;M;44
3392;10;12;1980;12;DM;M;61
3393;10;12;1980;4;OL;M;36
3394;10;12;1980;18;OT;M;25
3395;10;12;1980;5;DM;F;42
3396;10;12;1980;15;OT;F;13
3397;10;12;1980;9;OL;F;16
3398;10;12;1980;15;OT;M;23
3399;10;12;1980;14;DM;F;62
3400;10;12;1980;12;OT;F;25
3401;10;12;1980;14;DM;M;47
3402;10;12;1980;5;PP;F;14
3403;10;12;1980;12;DM;M;40
3404;10;12;1980;16;;;
3405;11;8;1980;13;OT;M;22
3406;11;8;1980;17;DM;F;40
3407;11;8;1980;20;DM;M;40
3408;11;8;1980;8;DS;M;131
3409;11;8;1980;24;PE;F;21
3410;11;8;1980;17;DS;M;149
3411;11;8;1980;21;OT;M;25
3412;11;8;1980;24;NA;F;193
3413;11;8;1980;8;DS;M;136
3414;11;8;1980;21;OT;M;24
3415;11;8;1980;21;OT;F;22
3416;11;8;1980;19;PF;M;7
3417;11;8;1980;8;DO;F;52
3418;11;8;1980;1;DS;M;154
3419;11;8;1980;24;DM;F;43
3420;11;8;1980;21;OT;F;33
3421;11;8;1980;1;DS;M;155
3422;11;8;1980;10;DM;M;40
3423;11;8;1980;8;DS;F;115
3424;11;8;1980;17;DS;F;121
3425;11;8;1980;1;DM;;
3426;11;8;1980;13;NA;F;124
3427;11;8;1980;17;DO;F;47
3428;11;8;1980;24;DM;M;52
3429;11;8;1980;1;NA;M;153
3430;11;8;1980;17;OL;M;34
3431;11;8;1980;20;DM;M;35
3432;11;8;1980;13;DS;F;122
3433;11;8;1980;20;DS;F;144
3434;11;8;1980;22;DS;F;121
3435;11;8;1980;22;PF;F;7
3436;11;8;1980;8;PF;F;7
3437;11;8;1980;1;DO;F;50
3438;11;8;1980;8;DO;M;48
3439;11;8;1980;17;OL;F;27
3440;11;8;1980;20;NA;M;191
3441;11;8;1980;13;DM;M;48
3442;11;8;1980;11;DM;F;42
3443;11;8;1980;13;DS;F;133
3444;11;8;1980;13;OL;F;37
3445;11;8;1980;11;DS;M;127
3446;11;8;1980;24;DM;M;38
3447;11;8;1980;7;;;
3448;11;8;1980;16;;;
3449;11;8;1980;23;;;
3450;11;8;1980;15;;;
3451;11;9;1980;1;DM;F;39
3452;11;9;1980;1;DS;M;145
3453;11;9;1980;2;DO;M;50
3454;11;9;1980;2;DM;F;38
3455;11;9;1980;2;DO;F;53
3456;11;9;1980;2;DM;F;45
3457;11;9;1980;2;DS;M;146
3458;11;9;1980;3;DM;M;45
3459;11;9;1980;3;OT;F;20
3460;11;9;1980;3;DM;M;48
3461;11;9;1980;3;OT;F;28
3462;11;9;1980;4;DS;M;121
3463;11;9;1980;4;DM;F;39
3464;11;9;1980;4;DM;M;43
3465;11;9;1980;4;DM;M;46
3466;11;9;1980;5;DS;F;129
3467;11;9;1980;5;DS;F;106
3468;11;9;1980;6;DM;F;40
3469;11;9;1980;6;DS;F;124
3470;11;9;1980;6;DM;F;46
3471;11;9;1980;6;DS;F;111
3472;11;9;1980;6;DS;F;104
3473;11;9;1980;9;DS;M;121
3474;11;9;1980;9;DO;M;47
3475;11;9;1980;9;DM;F;40
3476;11;9;1980;9;DM;F;43
3477;11;9;1980;9;DM;F;40
3478;11;9;1980;12;DM;M;40
3479;11;9;1980;12;DS;F;127
3480;11;9;1980;13;DM;M;46
3481;11;9;1980;13;DM;M;49
3482;11;9;1980;14;OT;F;20
3483;11;9;1980;14;DM;M;47
3484;11;9;1980;14;DM;F;38
3485;11;9;1980;14;DM;F;32
3486;11;9;1980;14;DM;M;46
3487;11;9;1980;14;OT;M;22
3488;11;9;1980;14;DS;M;125
3489;11;9;1980;15;DM;M;47
3490;11;9;1980;15;DM;F;39
3491;11;9;1980;15;DM;F;40
3492;11;9;1980;17;DS;M;146
3493;11;9;1980;17;DM;F;49
3494;11;9;1980;17;DM;M;47
3495;11;9;1980;18;DM;M;48
3496;11;9;1980;18;DO;F;41
3497;11;9;1980;18;DM;M;40
3498;11;9;1980;18;DM;F;45
3499;11;9;1980;18;DM;M;46
3500;11;9;1980;18;DO;M;50
3501;11;9;1980;19;DM;F;43
3502;11;9;1980;19;DM;M;
3503;11;9;1980;19;OT;F;22
3504;11;9;1980;19;DM;M;44
3505;11;9;1980;2;DS;F;131
3506;11;9;1980;3;PF;M;6
3507;11;9;1980;4;OL;F;15
3508;11;9;1980;5;DM;M;48
3509;11;9;1980;18;DS;M;133
3510;11;9;1980;4;OL;F;17
3511;11;9;1980;12;NA;F;193
3512;11;9;1980;18;DS;M;134
3513;11;9;1980;4;DS;M;127
3514;11;9;1980;12;DM;F;39
3515;11;9;1980;14;DM;F;51
3516;11;9;1980;12;OT;M;23
3517;11;9;1980;9;OL;F;38
3518;11;9;1980;14;DM;M;47
3519;11;9;1980;12;DS;M;138
3520;11;9;1980;9;DS;F;122
3521;11;9;1980;12;DM;F;44
3522;11;9;1980;6;DS;F;111
3523;11;9;1980;6;DM;M;45
3524;11;9;1980;4;PF;F;7
3525;11;9;1980;2;DM;M;42
3526;11;9;1980;4;DS;F;126
3527;11;9;1980;9;DS;M;135
3528;11;9;1980;2;OT;F;21
3529;11;9;1980;4;OL;M;33
3530;11;9;1980;4;DM;M;46
3531;11;9;1980;12;DM;M;51
3532;11;9;1980;5;DM;F;47
3533;11;9;1980;9;DS;F;117
3534;11;9;1980;12;DM;M;56
3535;11;9;1980;9;OL;F;21
3536;11;9;1980;18;DM;M;47
3537;11;9;1980;9;DM;M;41
3538;11;9;1980;3;PF;F;7
3539;11;9;1980;4;OL;F;31
3540;11;9;1980;6;PF;M;7
3541;11;9;1980;12;DM;M;40
3542;12;15;1980;9;DM;F;35
3543;12;15;1980;10;OT;F;30
3544;12;15;1980;9;DO;M;56
3545;12;15;1980;9;DO;M;51
3546;12;15;1980;2;DS;F;147
3547;12;15;1980;2;DM;M;48
3548;12;15;1980;9;DM;F;43
3549;12;15;1980;24;DM;F;46
3550;12;15;1980;2;DM;F;46
3551;12;15;1980;5;DM;F;35
3552;12;15;1980;24;NA;F;198
3553;12;15;1980;14;OT;F;35
3554;12;15;1980;10;OL;M;33
3555;12;15;1980;9;DS;M;148
3556;12;15;1980;5;OL;F;26
3557;12;15;1980;1;NA;M;174
3558;12;15;1980;3;PF;M;7
3559;12;15;1980;9;DO;M;50
3560;12;15;1980;9;OL;F;39
3561;12;15;1980;14;OT;M;23
3562;12;15;1980;5;OL;F;25
3563;12;15;1980;4;DS;F;
3564;12;15;1980;2;DM;M;49
3565;12;15;1980;1;DS;M;154
3566;12;15;1980;2;DM;M;47
3567;12;15;1980;5;DM;M;51
3568;12;15;1980;9;OT;F;26
3569;12;15;1980;2;DM;M;33
3570;12;15;1980;6;DS;M;149
3571;12;15;1980;10;OL;M;40
3572;12;15;1980;14;DM;F;47
3573;12;15;1980;1;DS;M;152
3574;12;15;1980;5;OT;M;22
3575;12;15;1980;9;DS;F;139
3576;12;15;1980;4;DM;F;44
3577;12;15;1980;6;DS;F;120
3578;12;15;1980;4;PF;F;7
3579;12;15;1980;9;DS;M;139
3580;12;15;1980;2;DM;M;42
3581;12;15;1980;10;DM;M;41
3582;12;15;1980;1;DO;F;66
3583;12;15;1980;4;DM;M;46
3584;12;15;1980;1;DO;M;49
3585;12;15;1980;14;DM;F;35
3586;12;15;1980;16;AB;;
3587;12;15;1980;2;OT;F;21
3588;12;15;1980;4;DM;F;46
3589;12;15;1980;6;PF;F;7
3590;12;15;1980;9;DS;F;123
3591;12;15;1980;9;DM;M;45
3592;12;15;1980;4;DS;M;127
3593;12;15;1980;4;DM;M;48
3594;12;15;1980;7;;;
3595;12;15;1980;15;;;
3596;12;15;1980;23;;;
3597;12;16;1980;8;DO;F;49
3598;12;16;1980;8;DO;F;52
3599;12;16;1980;8;DM;M;51
3600;12;16;1980;11;DM;M;44
3601;12;16;1980;11;DS;M;126
3602;12;16;1980;12;DM;M;43
3603;12;16;1980;12;DM;M;32
3604;12;16;1980;12;DM;M;47
3605;12;16;1980;12;DS;F;129
3606;12;16;1980;12;DM;M;54
3607;12;16;1980;13;DM;F;40
3608;12;16;1980;13;DM;M;49
3609;12;16;1980;13;DS;M;135
3610;12;16;1980;13;DS;F;145
3611;12;16;1980;13;DM;M;51
3612;12;16;1980;13;DO;M;56
3613;12;16;1980;13;DM;M;43
3614;12;16;1980;14;DM;M;46
3615;12;16;1980;15;DM;F;41
3616;12;16;1980;15;DM;F;48
3617;12;16;1980;16;DM;F;41
3618;12;16;1980;16;DM;M;49
3619;12;16;1980;17;DS;F;118
3620;12;16;1980;17;DS;M;119
3621;12;16;1980;18;DO;M;50
3622;12;16;1980;18;DS;F;131
3623;12;16;1980;18;DS;M;134
3624;12;16;1980;19;DM;F;43
3625;12;16;1980;19;DM;M;52
3626;12;16;1980;19;DO;M;52
3627;12;16;1980;19;DM;F;43
3628;12;16;1980;19;DM;F;41
3629;12;16;1980;20;DM;M;48
3630;12;16;1980;20;DM;M;45
3631;12;16;1980;20;DM;F;44
3632;12;16;1980;20;DS;M;133
3633;12;16;1980;20;DS;M;151
3634;12;16;1980;21;DM;M;37
3635;12;16;1980;22;DM;M;45
3636;12;16;1980;22;DS;M;142
3637;12;16;1980;23;DM;M;49
3638;12;16;1980;23;DM;F;56
3639;12;16;1980;23;DM;M;29
3640;12;16;1980;23;PM;M;21
3641;12;16;1980;23;DM;M;52
3642;12;16;1980;23;DM;F;44
3643;12;16;1980;23;DS;M;130
3644;12;16;1980;23;DS;M;131
3645;12;16;1980;23;DM;M;48
3646;12;16;1980;23;DM;F;47
3647;12;16;1980;13;OT;M;22
3648;12;16;1980;22;PF;F;7
3649;12;16;1980;13;NA;F;120
3650;12;16;1980;12;NA;F;189
3651;12;16;1980;12;DM;F;40
3652;12;16;1980;8;DO;F;54
3653;12;16;1980;12;DS;M;137
3654;12;16;1980;17;OL;M;36
3655;12;16;1980;12;DM;F;52
3656;12;16;1980;17;DM;M;48
3657;12;16;1980;18;DM;M;51
3658;12;16;1980;20;DM;M;40
3659;12;16;1980;17;DM;F;43
3660;12;16;1980;18;DS;M;120
3661;12;16;1980;19;PF;M;8
3662;12;16;1980;17;DS;F;127
3663;12;16;1980;8;DS;F;120
3664;12;16;1980;12;DM;M;60
3665;12;16;1980;13;DS;F;150
3666;12;16;1980;20;DS;F;147
3667;12;16;1980;11;OT;M;23
3668;12;16;1980;8;DS;M;140
3669;12;16;1980;18;NA;F;189
3670;12;16;1980;8;DS;M;
3671;12;16;1980;17;DS;F;129
3672;12;16;1980;22;DS;F;130
3673;12;16;1980;17;DO;F;59
3674;12;16;1980;11;OT;F;30
3675;12;16;1980;18;DM;F;31
3676;12;16;1980;8;PF;F;7
3677;12;16;1980;17;DM;M;52
3678;12;16;1980;17;OL;F;33
3679;12;16;1980;11;NA;M;116
3680;12;16;1980;17;DM;F;46
3681;12;16;1980;11;DM;F;59
3682;12;16;1980;17;PE;F;19
3683;12;16;1980;12;DM;M;44
3684;12;16;1980;13;DM;M;52
3685;12;16;1980;21;;;
